{"v":"5.9.6","fr":30,"ip":0,"op":63,"w":1080,"h":1080,"nm":"wolverine","ddd":0,"assets":[{"id":"comp_0","nm":"wolverine","fr":30,"layers":[{"ddd":0,"ind":1,"ty":4,"nm":"Layer 1 Outlines","parent":4,"sr":1,"ks":{"o":{"a":0,"k":100,"ix":11},"r":{"a":0,"k":2,"ix":10},"p":{"a":0,"k":[121.191,-24.891,0],"ix":2,"l":2},"a":{"a":0,"k":[443.581,434.969,0],"ix":1,"l":2},"s":{"a":0,"k":[15,15,100],"ix":6,"l":2}},"ao":0,"shapes":[{"ty":"gr","it":[{"ind":0,"ty":"sh","ix":1,"ks":{"a":0,"k":{"i":[[0.112,0.314],[-7.875,2.62],[-0.038,-0.304],[7.3,-3.644]],"o":[[-2.893,-7.909],[0.305,-0.104],[0.906,7.686],[-0.307,0.152]],"v":[[-5.255,7.62],[3.176,-9.432],[7.241,-6.953],[-0.634,9.385]],"c":true},"ix":2},"nm":"Path 1","mn":"ADBE Vector Shape - Group","hd":false},{"ty":"fl","c":{"a":0,"k":[0.188235294118,0.4,0,1],"ix":4},"o":{"a":0,"k":100,"ix":5},"r":1,"bm":0,"nm":"Fill 1","mn":"ADBE Vector Graphic - Fill","hd":false},{"ty":"tr","p":{"a":0,"k":[748.871,715.354],"ix":2},"a":{"a":0,"k":[0,0],"ix":1},"s":{"a":0,"k":[100,100],"ix":3},"r":{"a":0,"k":0,"ix":6},"o":{"a":0,"k":100,"ix":7},"sk":{"a":0,"k":0,"ix":4},"sa":{"a":0,"k":0,"ix":5},"nm":"Transform"}],"nm":"Group 1","np":2,"cix":2,"bm":0,"ix":1,"mn":"ADBE Vector Group","hd":false},{"ty":"gr","it":[{"ind":0,"ty":"sh","ix":1,"ks":{"a":0,"k":{"i":[[0.333,0.205],[0.389,9.815],[-0.35,-0.17],[1.535,-10.089]],"o":[[-8.397,-5.234],[-0.012,-0.378],[8.823,4.178],[-0.062,0.423]],"v":[[3.069,12.075],[-9.107,-9.358],[-5.221,-12.111],[7.583,10.053]],"c":true},"ix":2},"nm":"Path 1","mn":"ADBE Vector Shape - Group","hd":false},{"ty":"fl","c":{"a":0,"k":[0.188235294118,0.4,0,1],"ix":4},"o":{"a":0,"k":100,"ix":5},"r":1,"bm":0,"nm":"Fill 1","mn":"ADBE Vector Graphic - Fill","hd":false},{"ty":"tr","p":{"a":0,"k":[529.984,746.999],"ix":2},"a":{"a":0,"k":[0,0],"ix":1},"s":{"a":0,"k":[100,100],"ix":3},"r":{"a":0,"k":0,"ix":6},"o":{"a":0,"k":100,"ix":7},"sk":{"a":0,"k":0,"ix":4},"sa":{"a":0,"k":0,"ix":5},"nm":"Transform"}],"nm":"Group 2","np":2,"cix":2,"bm":0,"ix":2,"mn":"ADBE Vector Group","hd":false},{"ty":"gr","it":[{"ind":0,"ty":"sh","ix":1,"ks":{"a":0,"k":{"i":[[-0.395,0.124],[-9.056,-5.186],[0.372,-0.196],[7.734,7.753]],"o":[[10.022,-3.112],[0.347,0.203],[-9.235,5.006],[-0.327,-0.321]],"v":[[-12.721,-4.916],[13.824,-1.74],[13.926,3.021],[-13.971,-0.13]],"c":true},"ix":2},"nm":"Path 1","mn":"ADBE Vector Shape - Group","hd":false},{"ty":"fl","c":{"a":0,"k":[0.188235294118,0.4,0,1],"ix":4},"o":{"a":0,"k":100,"ix":5},"r":1,"bm":0,"nm":"Fill 1","mn":"ADBE Vector Graphic - Fill","hd":false},{"ty":"tr","p":{"a":0,"k":[829.579,404.601],"ix":2},"a":{"a":0,"k":[0,0],"ix":1},"s":{"a":0,"k":[100,100],"ix":3},"r":{"a":0,"k":0,"ix":6},"o":{"a":0,"k":100,"ix":7},"sk":{"a":0,"k":0,"ix":4},"sa":{"a":0,"k":0,"ix":5},"nm":"Transform"}],"nm":"Group 3","np":2,"cix":2,"bm":0,"ix":3,"mn":"ADBE Vector Group","hd":false},{"ty":"gr","it":[{"ind":0,"ty":"sh","ix":1,"ks":{"a":0,"k":{"i":[[-0.413,-0.373],[6.674,-12.284],[0.151,0.487],[-0.023,13.067]],"o":[[10.664,9.213],[-0.247,0.48],[-3.789,-12.42],[0.002,-0.549]],"v":[[-4.392,-18.777],[2.208,18.671],[-2.533,18.231],[-8.859,-16.651]],"c":true},"ix":2},"nm":"Path 1","mn":"ADBE Vector Shape - Group","hd":false},{"ty":"fl","c":{"a":0,"k":[0.188235294118,0.4,0,1],"ix":4},"o":{"a":0,"k":100,"ix":5},"r":1,"bm":0,"nm":"Fill 1","mn":"ADBE Vector Graphic - Fill","hd":false},{"ty":"tr","p":{"a":0,"k":[590.436,468.426],"ix":2},"a":{"a":0,"k":[0,0],"ix":1},"s":{"a":0,"k":[100,100],"ix":3},"r":{"a":0,"k":0,"ix":6},"o":{"a":0,"k":100,"ix":7},"sk":{"a":0,"k":0,"ix":4},"sa":{"a":0,"k":0,"ix":5},"nm":"Transform"}],"nm":"Group 4","np":2,"cix":2,"bm":0,"ix":4,"mn":"ADBE Vector Group","hd":false},{"ty":"gr","it":[{"ind":0,"ty":"sh","ix":1,"ks":{"a":0,"k":{"i":[[-0.331,0.944],[1.83,6.465],[2.35,6.696],[5.398,13.771],[-0.784,-0.915],[-5.292,-14.21],[-0.94,-8.068],[5.815,-6.486]],"o":[[2.272,-6.241],[-1.905,-6.4],[-4.85,-13.43],[-0.409,-1.064],[9.874,11.389],[2.581,7.157],[0.89,7.785],[-0.965,1.094]],"v":[[6.142,39.701],[5.411,20.552],[-1.505,0.603],[-16.695,-40.016],[-12.648,-42.526],[10.497,-3.75],[16.214,18.579],[10.32,42.347]],"c":true},"ix":2},"nm":"Path 1","mn":"ADBE Vector Shape - Group","hd":false},{"ty":"fl","c":{"a":0,"k":[0.188235294118,0.4,0,1],"ix":4},"o":{"a":0,"k":100,"ix":5},"r":1,"bm":0,"nm":"Fill 1","mn":"ADBE Vector Graphic - Fill","hd":false},{"ty":"tr","p":{"a":0,"k":[621.064,474.688],"ix":2},"a":{"a":0,"k":[0,0],"ix":1},"s":{"a":0,"k":[100,100],"ix":3},"r":{"a":0,"k":0,"ix":6},"o":{"a":0,"k":100,"ix":7},"sk":{"a":0,"k":0,"ix":4},"sa":{"a":0,"k":0,"ix":5},"nm":"Transform"}],"nm":"Group 5","np":2,"cix":2,"bm":0,"ix":5,"mn":"ADBE Vector Group","hd":false},{"ty":"gr","it":[{"ind":0,"ty":"sh","ix":1,"ks":{"a":0,"k":{"i":[[-0.263,0.575],[-12.187,10.337],[0.149,-0.629],[14.908,-7.029]],"o":[[6.73,-14.523],[0.473,-0.395],[-3.568,15.763],[-0.623,0.298]],"v":[[-15.754,16.121],[11.746,-19.529],[15.868,-17.145],[-12.262,19.626]],"c":true},"ix":2},"nm":"Path 1","mn":"ADBE Vector Shape - Group","hd":false},{"ty":"fl","c":{"a":0,"k":[0.188235294118,0.4,0,1],"ix":4},"o":{"a":0,"k":100,"ix":5},"r":1,"bm":0,"nm":"Fill 1","mn":"ADBE Vector Graphic - Fill","hd":false},{"ty":"tr","p":{"a":0,"k":[408.997,797.473],"ix":2},"a":{"a":0,"k":[0,0],"ix":1},"s":{"a":0,"k":[100,100],"ix":3},"r":{"a":0,"k":0,"ix":6},"o":{"a":0,"k":100,"ix":7},"sk":{"a":0,"k":0,"ix":4},"sa":{"a":0,"k":0,"ix":5},"nm":"Transform"}],"nm":"Group 6","np":2,"cix":2,"bm":0,"ix":6,"mn":"ADBE Vector Group","hd":false},{"ty":"gr","it":[{"ind":0,"ty":"sh","ix":1,"ks":{"a":0,"k":{"i":[[-0.052,0.575],[-10.935,9.546],[0.078,-0.565],[11.082,-9.467]],"o":[[1.3,-14.516],[0.424,-0.369],[-1.969,14.186],[-0.465,0.398]],"v":[[-11.447,16.841],[7.19,-19.14],[11.421,-16.956],[-7.052,19.11]],"c":true},"ix":2},"nm":"Path 1","mn":"ADBE Vector Shape - Group","hd":false},{"ty":"fl","c":{"a":0,"k":[0.188235294118,0.4,0,1],"ix":4},"o":{"a":0,"k":100,"ix":5},"r":1,"bm":0,"nm":"Fill 1","mn":"ADBE Vector Graphic - Fill","hd":false},{"ty":"tr","p":{"a":0,"k":[370.623,763.73],"ix":2},"a":{"a":0,"k":[0,0],"ix":1},"s":{"a":0,"k":[100,100],"ix":3},"r":{"a":0,"k":0,"ix":6},"o":{"a":0,"k":100,"ix":7},"sk":{"a":0,"k":0,"ix":4},"sa":{"a":0,"k":0,"ix":5},"nm":"Transform"}],"nm":"Group 7","np":2,"cix":2,"bm":0,"ix":7,"mn":"ADBE Vector Group","hd":false},{"ty":"gr","it":[{"ind":0,"ty":"sh","ix":1,"ks":{"a":0,"k":{"i":[[-0.089,0.478],[-9.373,7.895],[0.014,-0.492],[11.353,-5.713]],"o":[[2.294,-12.088],[0.364,-0.302],[-0.221,12.325],[-0.474,0.242]],"v":[[-10.577,12.687],[6.299,-15.637],[10.653,-13.707],[-6.651,15.697]],"c":true},"ix":2},"nm":"Path 1","mn":"ADBE Vector Shape - Group","hd":false},{"ty":"fl","c":{"a":0,"k":[0.188235294118,0.4,0,1],"ix":4},"o":{"a":0,"k":100,"ix":5},"r":1,"bm":0,"nm":"Fill 1","mn":"ADBE Vector Graphic - Fill","hd":false},{"ty":"tr","p":{"a":0,"k":[329.788,723.104],"ix":2},"a":{"a":0,"k":[0,0],"ix":1},"s":{"a":0,"k":[100,100],"ix":3},"r":{"a":0,"k":0,"ix":6},"o":{"a":0,"k":100,"ix":7},"sk":{"a":0,"k":0,"ix":4},"sa":{"a":0,"k":0,"ix":5},"nm":"Transform"}],"nm":"Group 8","np":2,"cix":2,"bm":0,"ix":8,"mn":"ADBE Vector Group","hd":false},{"ty":"gr","it":[{"ind":0,"ty":"sh","ix":1,"ks":{"a":0,"k":{"i":[[-0.075,0.501],[-10.875,6.559],[0.1,-0.487],[11.012,-6.464]],"o":[[1.891,-12.627],[0.421,-0.253],[-2.517,12.218],[-0.462,0.271]],"v":[[-11.693,12.921],[7.724,-15.709],[11.669,-13.042],[-7.596,15.692]],"c":true},"ix":2},"nm":"Path 1","mn":"ADBE Vector Shape - Group","hd":false},{"ty":"fl","c":{"a":0,"k":[0.188235294118,0.4,0,1],"ix":4},"o":{"a":0,"k":100,"ix":5},"r":1,"bm":0,"nm":"Fill 1","mn":"ADBE Vector Graphic - Fill","hd":false},{"ty":"tr","p":{"a":0,"k":[290.3,683.613],"ix":2},"a":{"a":0,"k":[0,0],"ix":1},"s":{"a":0,"k":[100,100],"ix":3},"r":{"a":0,"k":0,"ix":6},"o":{"a":0,"k":100,"ix":7},"sk":{"a":0,"k":0,"ix":4},"sa":{"a":0,"k":0,"ix":5},"nm":"Transform"}],"nm":"Group 9","np":2,"cix":2,"bm":0,"ix":9,"mn":"ADBE Vector Group","hd":false},{"ty":"gr","it":[{"ind":0,"ty":"sh","ix":1,"ks":{"a":0,"k":{"i":[[2.81,1.721],[54.478,62.76],[-2.458,-2.199],[-64.443,-51.949]],"o":[[-71.066,-43.103],[-2.116,-2.418],[61.557,55.503],[2.697,2.191]],"v":[[93.234,82.173],[-96.657,-78.348],[-93.271,-81.696],[96.076,78.124]],"c":true},"ix":2},"nm":"Path 1","mn":"ADBE Vector Shape - Group","hd":false},{"ty":"fl","c":{"a":0,"k":[0.188235294118,0.4,0,1],"ix":4},"o":{"a":0,"k":100,"ix":5},"r":1,"bm":0,"nm":"Fill 1","mn":"ADBE Vector Graphic - Fill","hd":false},{"ty":"tr","p":{"a":0,"k":[357.478,735.453],"ix":2},"a":{"a":0,"k":[0,0],"ix":1},"s":{"a":0,"k":[100,100],"ix":3},"r":{"a":0,"k":0,"ix":6},"o":{"a":0,"k":100,"ix":7},"sk":{"a":0,"k":0,"ix":4},"sa":{"a":0,"k":0,"ix":5},"nm":"Transform"}],"nm":"Group 10","np":2,"cix":2,"bm":0,"ix":10,"mn":"ADBE Vector Group","hd":false},{"ty":"gr","it":[{"ind":0,"ty":"sh","ix":1,"ks":{"a":0,"k":{"i":[[0.087,0.498],[-7.022,10.616],[-0.115,-0.492],[8.506,-9.827]],"o":[[-2.167,-12.599],[0.272,-0.409],[2.95,12.314],[-0.356,0.413]],"v":[[-6.436,16.245],[0.946,-17.595],[5.653,-16.879],[-1.675,17.59]],"c":true},"ix":2},"nm":"Path 1","mn":"ADBE Vector Shape - Group","hd":false},{"ty":"fl","c":{"a":0,"k":[0.188235294118,0.4,0,1],"ix":4},"o":{"a":0,"k":100,"ix":5},"r":1,"bm":0,"nm":"Fill 1","mn":"ADBE Vector Graphic - Fill","hd":false},{"ty":"tr","p":{"a":0,"k":[328.275,323.242],"ix":2},"a":{"a":0,"k":[0,0],"ix":1},"s":{"a":0,"k":[100,100],"ix":3},"r":{"a":0,"k":0,"ix":6},"o":{"a":0,"k":100,"ix":7},"sk":{"a":0,"k":0,"ix":4},"sa":{"a":0,"k":0,"ix":5},"nm":"Transform"}],"nm":"Group 11","np":2,"cix":2,"bm":0,"ix":11,"mn":"ADBE Vector Group","hd":false},{"ty":"gr","it":[{"ind":0,"ty":"sh","ix":1,"ks":{"a":0,"k":{"i":[[0.176,0.52],[-9.504,9.952],[-0.009,-0.521],[6.453,-11.682]],"o":[[-4.567,-13.076],[0.365,-0.389],[0.173,13.174],[-0.272,0.49]],"v":[[-4.161,18.255],[4.1,-18.736],[8.556,-17.058],[0.77,18.634]],"c":true},"ix":2},"nm":"Path 1","mn":"ADBE Vector Shape - Group","hd":false},{"ty":"fl","c":{"a":0,"k":[0.188235294118,0.4,0,1],"ix":4},"o":{"a":0,"k":100,"ix":5},"r":1,"bm":0,"nm":"Fill 1","mn":"ADBE Vector Graphic - Fill","hd":false},{"ty":"tr","p":{"a":0,"k":[398.868,312.954],"ix":2},"a":{"a":0,"k":[0,0],"ix":1},"s":{"a":0,"k":[100,100],"ix":3},"r":{"a":0,"k":0,"ix":6},"o":{"a":0,"k":100,"ix":7},"sk":{"a":0,"k":0,"ix":4},"sa":{"a":0,"k":0,"ix":5},"nm":"Transform"}],"nm":"Group 12","np":2,"cix":2,"bm":0,"ix":12,"mn":"ADBE Vector Group","hd":false},{"ty":"gr","it":[{"ind":0,"ty":"sh","ix":1,"ks":{"a":0,"k":{"i":[[0.188,0.477],[-7.824,10.2],[-0.085,-0.484],[6.197,-11.034]],"o":[[-4.801,-12.015],[0.302,-0.396],[2.098,12.244],[-0.262,0.463]],"v":[[-3.49,17.166],[1.551,-17.533],[6.193,-16.473],[1.448,17.467]],"c":true},"ix":2},"nm":"Path 1","mn":"ADBE Vector Shape - Group","hd":false},{"ty":"fl","c":{"a":0,"k":[0.188235294118,0.4,0,1],"ix":4},"o":{"a":0,"k":100,"ix":5},"r":1,"bm":0,"nm":"Fill 1","mn":"ADBE Vector Graphic - Fill","hd":false},{"ty":"tr","p":{"a":0,"k":[469.372,310.872],"ix":2},"a":{"a":0,"k":[0,0],"ix":1},"s":{"a":0,"k":[100,100],"ix":3},"r":{"a":0,"k":0,"ix":6},"o":{"a":0,"k":100,"ix":7},"sk":{"a":0,"k":0,"ix":4},"sa":{"a":0,"k":0,"ix":5},"nm":"Transform"}],"nm":"Group 13","np":2,"cix":2,"bm":0,"ix":13,"mn":"ADBE Vector Group","hd":false},{"ty":"gr","it":[{"ind":0,"ty":"sh","ix":1,"ks":{"a":0,"k":{"i":[[0.191,0.396],[-5.996,9.244],[-0.162,-0.397],[6.163,-9.23]],"o":[[-4.818,-9.997],[0.233,-0.357],[4.073,9.954],[-0.259,0.388]],"v":[[-3.14,14.243],[-1.067,-14.62],[3.683,-14.286],[1.795,14.589]],"c":true},"ix":2},"nm":"Path 1","mn":"ADBE Vector Shape - Group","hd":false},{"ty":"fl","c":{"a":0,"k":[0.188235294118,0.4,0,1],"ix":4},"o":{"a":0,"k":100,"ix":5},"r":1,"bm":0,"nm":"Fill 1","mn":"ADBE Vector Graphic - Fill","hd":false},{"ty":"tr","p":{"a":0,"k":[545.977,305.123],"ix":2},"a":{"a":0,"k":[0,0],"ix":1},"s":{"a":0,"k":[100,100],"ix":3},"r":{"a":0,"k":0,"ix":6},"o":{"a":0,"k":100,"ix":7},"sk":{"a":0,"k":0,"ix":4},"sa":{"a":0,"k":0,"ix":5},"nm":"Transform"}],"nm":"Group 14","np":2,"cix":2,"bm":0,"ix":14,"mn":"ADBE Vector Group","hd":false},{"ty":"gr","it":[{"ind":0,"ty":"sh","ix":1,"ks":{"a":0,"k":{"i":[[0.247,0.363],[-4.583,9.995],[-0.218,-0.368],[4.75,-10.007]],"o":[[-6.226,-9.161],[0.178,-0.387],[5.483,9.228],[-0.199,0.42]],"v":[[-1.468,14.576],[-3.63,-14.205],[1.117,-14.571],[3.464,14.196]],"c":true},"ix":2},"nm":"Path 1","mn":"ADBE Vector Shape - Group","hd":false},{"ty":"fl","c":{"a":0,"k":[0.188235294118,0.4,0,1],"ix":4},"o":{"a":0,"k":100,"ix":5},"r":1,"bm":0,"nm":"Fill 1","mn":"ADBE Vector Graphic - Fill","hd":false},{"ty":"tr","p":{"a":0,"k":[642.65,290.974],"ix":2},"a":{"a":0,"k":[0,0],"ix":1},"s":{"a":0,"k":[100,100],"ix":3},"r":{"a":0,"k":0,"ix":6},"o":{"a":0,"k":100,"ix":7},"sk":{"a":0,"k":0,"ix":4},"sa":{"a":0,"k":0,"ix":5},"nm":"Transform"}],"nm":"Group 15","np":2,"cix":2,"bm":0,"ix":15,"mn":"ADBE Vector Group","hd":false},{"ty":"gr","it":[{"ind":0,"ty":"sh","ix":1,"ks":{"a":0,"k":{"i":[[0.325,0.414],[-6.183,11.639],[-0.162,-0.468],[2.591,-12.454]],"o":[[-8.335,-10.332],[0.235,-0.454],[4.036,11.878],[-0.109,0.523]],"v":[[0.988,17.93],[-2.193,-17.89],[2.559,-17.575],[5.785,16.724]],"c":true},"ix":2},"nm":"Path 1","mn":"ADBE Vector Shape - Group","hd":false},{"ty":"fl","c":{"a":0,"k":[0.188235294118,0.4,0,1],"ix":4},"o":{"a":0,"k":100,"ix":5},"r":1,"bm":0,"nm":"Fill 1","mn":"ADBE Vector Graphic - Fill","hd":false},{"ty":"tr","p":{"a":0,"k":[728.877,286.731],"ix":2},"a":{"a":0,"k":[0,0],"ix":1},"s":{"a":0,"k":[100,100],"ix":3},"r":{"a":0,"k":0,"ix":6},"o":{"a":0,"k":100,"ix":7},"sk":{"a":0,"k":0,"ix":4},"sa":{"a":0,"k":0,"ix":5},"nm":"Transform"}],"nm":"Group 16","np":2,"cix":2,"bm":0,"ix":16,"mn":"ADBE Vector Group","hd":false},{"ty":"gr","it":[{"ind":0,"ty":"sh","ix":1,"ks":{"a":0,"k":{"i":[[0.252,0.344],[-4.42,9.731],[-0.224,-0.349],[4.585,-9.744]],"o":[[-6.371,-8.682],[0.172,-0.376],[5.629,8.763],[-0.193,0.409]],"v":[[-1.231,14.067],[-3.857,-13.603],[0.882,-14.062],[3.693,13.59]],"c":true},"ix":2},"nm":"Path 1","mn":"ADBE Vector Shape - Group","hd":false},{"ty":"fl","c":{"a":0,"k":[0.188235294118,0.4,0,1],"ix":4},"o":{"a":0,"k":100,"ix":5},"r":1,"bm":0,"nm":"Fill 1","mn":"ADBE Vector Graphic - Fill","hd":false},{"ty":"tr","p":{"a":0,"k":[804.936,273.008],"ix":2},"a":{"a":0,"k":[0,0],"ix":1},"s":{"a":0,"k":[100,100],"ix":3},"r":{"a":0,"k":0,"ix":6},"o":{"a":0,"k":100,"ix":7},"sk":{"a":0,"k":0,"ix":4},"sa":{"a":0,"k":0,"ix":5},"nm":"Transform"}],"nm":"Group 17","np":2,"cix":2,"bm":0,"ix":17,"mn":"ADBE Vector Group","hd":false},{"ty":"gr","it":[{"ind":0,"ty":"sh","ix":1,"ks":{"a":0,"k":{"i":[[6.816,-1.23],[174.74,-2.135],[-6.938,0.503],[-173.308,20.537]],"o":[[-171.866,31.468],[-6.754,0.098],[174.29,-12.237],[7.278,-0.845]],"v":[[261.012,-22.319],[-260.685,27.957],[-260.889,23.2],[260.274,-27.21]],"c":true},"ix":2},"nm":"Path 1","mn":"ADBE Vector Shape - Group","hd":false},{"ty":"fl","c":{"a":0,"k":[0.188235294118,0.4,0,1],"ix":4},"o":{"a":0,"k":100,"ix":5},"r":1,"bm":0,"nm":"Fill 1","mn":"ADBE Vector Graphic - Fill","hd":false},{"ty":"tr","p":{"a":0,"k":[555.067,294.407],"ix":2},"a":{"a":0,"k":[0,0],"ix":1},"s":{"a":0,"k":[100,100],"ix":3},"r":{"a":0,"k":0,"ix":6},"o":{"a":0,"k":100,"ix":7},"sk":{"a":0,"k":0,"ix":4},"sa":{"a":0,"k":0,"ix":5},"nm":"Transform"}],"nm":"Group 18","np":2,"cix":2,"bm":0,"ix":18,"mn":"ADBE Vector Group","hd":false},{"ty":"gr","it":[{"ind":0,"ty":"sh","ix":1,"ks":{"a":0,"k":{"i":[[0.3,-0.135],[6.179,5.508],[-0.275,0.182],[-4.816,-7.345]],"o":[[-7.64,3.399],[-0.235,-0.214],[6.795,-4.675],[0.203,0.305]],"v":[[8.534,4.574],[-9.997,1.463],[-9.902,-3.298],[10.029,-0.142]],"c":true},"ix":2},"nm":"Path 1","mn":"ADBE Vector Shape - Group","hd":false},{"ty":"fl","c":{"a":0,"k":[0.188235294118,0.4,0,1],"ix":4},"o":{"a":0,"k":100,"ix":5},"r":1,"bm":0,"nm":"Fill 1","mn":"ADBE Vector Graphic - Fill","hd":false},{"ty":"tr","p":{"a":0,"k":[711.415,712.114],"ix":2},"a":{"a":0,"k":[0,0],"ix":1},"s":{"a":0,"k":[100,100],"ix":3},"r":{"a":0,"k":0,"ix":6},"o":{"a":0,"k":100,"ix":7},"sk":{"a":0,"k":0,"ix":4},"sa":{"a":0,"k":0,"ix":5},"nm":"Transform"}],"nm":"Group 19","np":2,"cix":2,"bm":0,"ix":19,"mn":"ADBE Vector Group","hd":false},{"ty":"gr","it":[{"ind":0,"ty":"sh","ix":1,"ks":{"a":0,"k":{"i":[[-0.58,-0.652],[-4.986,-21.393],[0.555,0.667],[4.808,21.411]],"o":[[14.628,16.435],[0.192,0.827],[-13.946,-16.742],[-0.202,-0.898]],"v":[[-12.34,-29.516],[16.77,27.291],[12.552,29.501],[-16.759,-27.293]],"c":true},"ix":2},"nm":"Path 1","mn":"ADBE Vector Shape - Group","hd":false},{"ty":"fl","c":{"a":0,"k":[0.188235294118,0.4,0,1],"ix":4},"o":{"a":0,"k":100,"ix":5},"r":1,"bm":0,"nm":"Fill 1","mn":"ADBE Vector Graphic - Fill","hd":false},{"ty":"tr","p":{"a":0,"k":[653.412,581.844],"ix":2},"a":{"a":0,"k":[0,0],"ix":1},"s":{"a":0,"k":[100,100],"ix":3},"r":{"a":0,"k":0,"ix":6},"o":{"a":0,"k":100,"ix":7},"sk":{"a":0,"k":0,"ix":4},"sa":{"a":0,"k":0,"ix":5},"nm":"Transform"}],"nm":"Group 20","np":2,"cix":2,"bm":0,"ix":20,"mn":"ADBE Vector Group","hd":false},{"ty":"gr","it":[{"ind":0,"ty":"sh","ix":1,"ks":{"a":0,"k":{"i":[[-1.599,-4.774],[-0.649,-7.913],[2.627,-8.052],[8.556,-3.839],[7.585,-1.942],[30.705,-2.364],[31.123,3.668],[8.092,3.457],[2.864,8.084],[-0.836,7.887],[-2.69,7.343],[1.35,-4.46],[-5.235,-12.766],[-0.901,-1.397],[-1.069,-1.236],[-1.247,-1.043],[-1.365,-0.657],[-7.328,-0.663],[-30.214,2.09],[-29.449,5.755],[-6.27,2.619],[-2.496,6.163],[3.036,14.436]],"o":[[2.316,7.453],[0.629,7.883],[-2.651,7.929],[-7.649,3.654],[-30.288,7.244],[-30.726,2.024],[-7.808,-1.116],[-8.404,-4.409],[-2.79,-8.039],[0.852,-7.927],[1.811,-4.579],[-3.88,14.199],[0.556,1.629],[0.753,1.505],[0.962,1.341],[1.293,1.185],[6.143,2.252],[29.801,2.194],[30.215,-2.398],[7.264,-1.506],[5.722,-2.023],[4.978,-12.831],[-1.14,-4.791]],"v":[[129.551,-42.997],[134.202,-19.965],[131.921,4.19],[115.456,23.947],[92.726,31.51],[1.149,44.673],[-91.508,44.102],[-115.18,38.37],[-131.815,18.706],[-133.995,-5.54],[-128.418,-28.421],[-123.893,-26.936],[-124.229,15.81],[-121.895,20.263],[-118.88,24.162],[-115.222,27.412],[-111.342,29.709],[-90.315,33.573],[0.256,31.938],[90.308,20.797],[111.296,14.982],[123.931,1.251],[124.775,-41.708]],"c":true},"ix":2},"nm":"Path 1","mn":"ADBE Vector Shape - Group","hd":false},{"ty":"fl","c":{"a":0,"k":[0.188235294118,0.4,0,1],"ix":4},"o":{"a":0,"k":100,"ix":5},"r":1,"bm":0,"nm":"Fill 1","mn":"ADBE Vector Graphic - Fill","hd":false},{"ty":"tr","p":{"a":0,"k":[474.213,513.726],"ix":2},"a":{"a":0,"k":[0,0],"ix":1},"s":{"a":0,"k":[100,100],"ix":3},"r":{"a":0,"k":0,"ix":6},"o":{"a":0,"k":100,"ix":7},"sk":{"a":0,"k":0,"ix":4},"sa":{"a":0,"k":0,"ix":5},"nm":"Transform"}],"nm":"Group 21","np":2,"cix":2,"bm":0,"ix":21,"mn":"ADBE Vector Group","hd":false},{"ty":"gr","it":[{"ind":0,"ty":"sh","ix":1,"ks":{"a":0,"k":{"i":[[-0.631,3.309],[0.161,3.137],[0,0],[0,0],[0,0],[0,0],[0.166,1.027],[0.336,1.045],[1.464,1.624],[1.983,0.886],[1.607,0.427],[0,0],[3.112,2.122],[2.207,3.207],[0.734,3.827],[-0.008,1.945],[-0.075,0.941],[0,0],[0,0],[0,0],[-4.083,23.88],[0.252,-3.852],[2.098,-24.131],[0,0],[0,0],[0,0],[0,0],[-0.24,-1.053],[-1.241,-1.771],[-1.814,-1.153],[-3.297,-0.915],[0,0],[-1.645,-0.779],[-2.57,-2.893],[-1.165,-3.684],[-0.157,-1.921],[-0.033,-0.958],[0,0],[0,0],[0,0],[0,0],[0,0],[0.915,-3.215]],"o":[[0.451,-2.739],[0,0],[0,0],[0,0],[0,0],[-0.031,-1.662],[-0.116,-1.104],[-0.74,-2.077],[-1.509,-1.585],[-1.123,-0.458],[0,0],[-2.533,-0.636],[-3.302,-2.079],[-2.207,-3.21],[-0.387,-1.912],[0.023,-0.965],[0,0],[0,0],[0,0],[3.44,-23.974],[0.632,-3.692],[-1.577,24.186],[0,0],[0,0],[0,0],[0,0],[0.026,1.081],[0.437,2.107],[1.24,1.769],[1.96,1.251],[0,0],[1.328,0.358],[3.52,1.66],[2.524,2.934],[0.551,1.848],[0.133,0.955],[0,0],[0,0],[0,0],[0,0],[0,0],[-0.157,2.884],[-1.368,4.365]],"v":[[17.46,133.428],[17.482,124.878],[17.016,115.806],[16.185,97.661],[14.918,61.359],[14.48,43.203],[14.267,39.348],[13.487,36.135],[10.1,30.532],[4.822,26.754],[1.46,25.636],[-2.918,24.436],[-13.002,20.412],[-21.375,12.368],[-25.815,1.645],[-26.316,-4.167],[-26.121,-7.06],[-25.846,-9.314],[-23.575,-27.333],[-18.661,-63.325],[-7.372,-135.109],[-2.642,-134.567],[-8.136,-62.087],[-11.499,-25.916],[-13.347,-7.85],[-13.586,-5.592],[-13.664,-3.96],[-13.334,-0.743],[-10.825,5.176],[-6.188,9.616],[0.55,12.215],[4.913,13.467],[10.122,15.347],[19.362,22.305],[25.013,32.344],[26.174,38],[26.324,40.876],[26.295,43.217],[25.899,61.368],[24.698,97.664],[23.886,115.807],[23.425,124.878],[22.303,134.437]],"c":true},"ix":2},"nm":"Path 1","mn":"ADBE Vector Shape - Group","hd":false},{"ty":"fl","c":{"a":0,"k":[0.188235294118,0.4,0,1],"ix":4},"o":{"a":0,"k":100,"ix":5},"r":1,"bm":0,"nm":"Fill 1","mn":"ADBE Vector Graphic - Fill","hd":false},{"ty":"tr","p":{"a":0,"k":[849.3,364.833],"ix":2},"a":{"a":0,"k":[0,0],"ix":1},"s":{"a":0,"k":[100,100],"ix":3},"r":{"a":0,"k":0,"ix":6},"o":{"a":0,"k":100,"ix":7},"sk":{"a":0,"k":0,"ix":4},"sa":{"a":0,"k":0,"ix":5},"nm":"Transform"}],"nm":"Group 22","np":2,"cix":2,"bm":0,"ix":22,"mn":"ADBE Vector Group","hd":false},{"ty":"gr","it":[{"ind":0,"ty":"sh","ix":1,"ks":{"a":0,"k":{"i":[[0.383,-3.708],[0,0],[0.022,-2.142],[-0.796,-2.195],[-4.008,-2.12],[-2.215,-0.27],[-1.123,0.076],[0,0],[0,0],[0,0],[-23.497,0.751],[0,0],[-4.817,2.426],[-2.485,4.77],[1.363,-3.971],[5.667,-3.4],[3.261,-0.715],[2.924,-0.344],[0,0],[23.453,-1.497],[0,0],[0,0],[0,0],[1.809,0.309],[3.12,1.852],[2,6.857],[-0.299,3.501],[-0.563,3.037],[0,0]],"o":[[0,0],[-0.287,2.778],[0,2.387],[1.636,4.377],[2.02,1.033],[1.112,0.137],[0,0],[0,0],[0,0],[23.462,-1.417],[0,0],[6.211,-0.02],[4.684,-2.22],[1.368,-2.901],[-2.326,5.974],[-2.823,1.708],[-3.441,0.714],[0,0],[-23.418,2.099],[0,0],[0,0],[0,0],[-1.827,0.04],[-3.603,-0.615],[-6.214,-3.754],[-0.98,-3.431],[0.423,-3.757],[0,0],[0.861,-3.853]],"v":[[-98.08,-34.751],[-101.966,0.301],[-102.831,8.624],[-101.636,15.547],[-92.702,25.707],[-86.293,27.663],[-82.94,27.736],[-78.676,27.409],[-61.102,26.025],[-25.927,23.644],[44.515,20.398],[79.77,19.518],[95.481,17.051],[106.629,6.185],[110.982,8.116],[98.642,22.786],[89.432,26.461],[80.246,27.623],[45.132,30.977],[-25.175,36.391],[-60.365,38.391],[-77.97,39.201],[-82.509,39.358],[-87.964,38.971],[-98.168,35.232],[-111.043,18.575],[-112.045,8.053],[-110.368,-1.069],[-102.962,-35.546]],"c":true},"ix":2},"nm":"Path 1","mn":"ADBE Vector Shape - Group","hd":false},{"ty":"fl","c":{"a":0,"k":[0.188235294118,0.4,0,1],"ix":4},"o":{"a":0,"k":100,"ix":5},"r":1,"bm":0,"nm":"Fill 1","mn":"ADBE Vector Graphic - Fill","hd":false},{"ty":"tr","p":{"a":0,"k":[758.568,497.059],"ix":2},"a":{"a":0,"k":[0,0],"ix":1},"s":{"a":0,"k":[100,100],"ix":3},"r":{"a":0,"k":0,"ix":6},"o":{"a":0,"k":100,"ix":7},"sk":{"a":0,"k":0,"ix":4},"sa":{"a":0,"k":0,"ix":5},"nm":"Transform"}],"nm":"Group 23","np":2,"cix":2,"bm":0,"ix":23,"mn":"ADBE Vector Group","hd":false},{"ty":"gr","it":[{"ind":0,"ty":"sh","ix":1,"ks":{"a":0,"k":{"i":[[0,0],[0,0],[-33.732,-2.153]],"o":[[-51.543,-16.768],[0,0],[33.731,2.153]],"v":[[-264.041,72.257],[-350.359,76.956],[-312.06,91.439]],"c":true},"ix":2},"nm":"Path 1","mn":"ADBE Vector Shape - Group","hd":false},{"ind":1,"ty":"sh","ix":2,"ks":{"a":0,"k":{"i":[[-3.85,7.307],[0,0],[0,0]],"o":[[3.849,-7.373],[-32.949,-2.087],[0,0]],"v":[[193.513,98.746],[188.881,86.61],[124.224,108.99]],"c":true},"ix":2},"nm":"Path 2","mn":"ADBE Vector Shape - Group","hd":false},{"ind":2,"ty":"sh","ix":3,"ks":{"a":0,"k":{"i":[[-17.486,3.262],[0,0],[0,0]],"o":[[17.55,-3.262],[-39.146,-13.831],[0,0]],"v":[[176.876,206.724],[205.844,194.458],[147.973,200.201]],"c":true},"ix":2},"nm":"Path 3","mn":"ADBE Vector Shape - Group","hd":false},{"ind":3,"ty":"sh","ix":4,"ks":{"a":0,"k":{"i":[[2.283,-3.263],[-116.003,-49.846],[74.508,-7.111]],"o":[[4.305,-3.328],[-1.892,-1.957],[-74.247,7.112]],"v":[[38.69,213.836],[262.867,180.562],[152.866,152.05]],"c":true},"ix":2},"nm":"Path 4","mn":"ADBE Vector Shape - Group","hd":false},{"ind":4,"ty":"sh","ix":5,"ks":{"a":0,"k":{"i":[[2.219,-0.195],[55.131,11.418],[7.894,6.654],[3.523,11.744],[4.827,23.226],[3.393,24.466],[1.305,34.253],[-19.834,10.243],[0,0],[0,0],[0,0],[5.416,17.355],[0,0],[0,0],[13.44,21.661],[11.874,2.089],[0,0],[-9.786,1.044],[0,0],[-4.698,-5.415],[0,0],[-26.619,-32.295],[0,0],[-15.202,-24.727],[0,0],[0,0],[0,0],[-22.77,-39.994],[0,0],[-27.468,-26.685],[0,0],[0,0],[0,0],[-10.439,-2.936],[0,0],[0,-9.982],[0,0],[14.354,-0.913],[0,0],[0,0],[0,0],[-48.476,0],[-0.587,2.74],[-10.308,-57.741],[12.266,-26.554],[18.66,-6.72],[64.657,-7.372],[13.309,-1.044]],"o":[[-133.162,8.873],[-10.504,-2.218],[-9.134,-7.569],[-6.524,-21.66],[-4.894,-23.684],[-31.447,-4.567],[-0.783,-20.291],[31.644,-16.442],[0,0],[0,0],[0,0],[-5.48,-17.42],[0,0],[21.335,-16.376],[-7.895,-12.658],[0,0],[0,0],[9.787,-1.109],[5.807,4.045],[0,0],[0,0],[0,0],[0,0],[0,0],[0,0],[0,0],[0,0],[0,0],[0,0],[0,0],[0,0],[0,0],[-1.239,10.766],[0,0],[9.591,2.741],[0,0],[0,14.353],[0,0],[0,0],[0,0],[0,0],[47.432,0],[-0.326,38.037],[8.743,49.259],[-8.35,18.007],[-67.722,24.597],[-13.701,1.566],[-2.284,0.131]],"v":[[42.082,326.903],[-259.148,306.286],[-287.137,292.717],[-306.645,263.29],[-323.608,195.764],[-336.005,123.408],[-381.806,60.188],[-346.901,15.039],[-273.436,-6.688],[-246.817,44.789],[-221.633,30.567],[-229.397,-31.415],[-233.703,-120.929],[-206.235,-123.212],[-189.011,-189.37],[-222.872,-209.009],[-222.546,-210.639],[-192.469,-253.243],[-148.821,-249.133],[-132.966,-234.975],[-112.023,-295.848],[-43.583,-259.702],[-22.639,-303.415],[28.707,-261.595],[72.486,-303.415],[131.466,-267.271],[213.282,-335.777],[272.197,-280.581],[308.342,-335.777],[357.536,-306.809],[357.471,-306.743],[351.99,-258.658],[342.399,-175.342],[358.449,-151.463],[366.409,-149.245],[382.589,-127.845],[382.589,-40.745],[357.079,-13.604],[328.763,-11.907],[328.763,-11.842],[219.154,-5.187],[266.064,56.208],[328.763,-11.842],[348.988,119.364],[332.09,237.911],[290.008,276.47],[89.449,322.598],[48.868,326.447]],"c":true},"ix":2},"nm":"Path 5","mn":"ADBE Vector Shape - Group","hd":false},{"ind":5,"ty":"sh","ix":6,"ks":{"a":0,"k":{"i":[[42.409,0.13],[0,0],[-61.264,0],[0,0]],"o":[[0,0],[0,0],[61.264,0],[-37.189,6.851]],"v":[[-68.963,20.323],[-68.963,22.151],[3.523,80.805],[65.244,8.776]],"c":true},"ix":2},"nm":"Path 6","mn":"ADBE Vector Shape - Group","hd":false},{"ty":"fl","c":{"a":0,"k":[0.462745098039,0.709803921569,0.109803921569,1],"ix":4},"o":{"a":0,"k":100,"ix":5},"r":1,"bm":0,"nm":"Fill 1","mn":"ADBE Vector Graphic - Fill","hd":false},{"ty":"tr","p":{"a":0,"k":[487.034,533.911],"ix":2},"a":{"a":0,"k":[0,0],"ix":1},"s":{"a":0,"k":[100,100],"ix":3},"r":{"a":0,"k":0,"ix":6},"o":{"a":0,"k":100,"ix":7},"sk":{"a":0,"k":0,"ix":4},"sa":{"a":0,"k":0,"ix":5},"nm":"Transform"}],"nm":"Group 24","np":7,"cix":2,"bm":0,"ix":24,"mn":"ADBE Vector Group","hd":false},{"ty":"gr","it":[{"ind":0,"ty":"sh","ix":1,"ks":{"a":0,"k":{"i":[[-43.061,-30.664],[9.786,-1.11],[0,0],[0,0],[3.654,0.261],[0,0],[0,-25.249],[-22.509,0],[-1.697,0.327],[0,0],[-5.48,-17.42],[0,0],[0,0],[0,0],[31.643,-16.442],[0,0],[0,0],[0,0]],"o":[[0,0],[-9.787,1.043],[0,0],[-5.742,-0.979],[0,0],[-22.509,0],[0,25.184],[1.827,0],[0,0],[0,0],[5.416,17.355],[0,0],[0,0],[0,0],[-10.048,-150.844],[0,0],[0,0],[0,0]],"v":[[104.064,-131.63],[60.416,-135.74],[30.338,-93.136],[30.013,-91.505],[15.463,-93.136],[-9.525,-92.354],[-50.303,-46.683],[-9.525,-1.012],[-4.24,-1.469],[19.182,-3.426],[23.488,86.088],[31.252,148.07],[6.068,162.293],[-20.552,110.816],[-94.016,132.542],[-93.755,-149.572],[-24.662,-111.73],[-5.349,-159.685]],"c":true},"ix":2},"nm":"Path 1","mn":"ADBE Vector Shape - Group","hd":false},{"ty":"fl","c":{"a":0,"k":[0.188235294118,0.4,0,1],"ix":4},"o":{"a":0,"k":100,"ix":5},"r":1,"bm":0,"nm":"Fill 1","mn":"ADBE Vector Graphic - Fill","hd":false},{"ty":"tr","p":{"a":0,"k":[234.149,416.408],"ix":2},"a":{"a":0,"k":[0,0],"ix":1},"s":{"a":0,"k":[100,100],"ix":3},"r":{"a":0,"k":0,"ix":6},"o":{"a":0,"k":100,"ix":7},"sk":{"a":0,"k":0,"ix":4},"sa":{"a":0,"k":0,"ix":5},"nm":"Transform"}],"nm":"Group 25","np":2,"cix":2,"bm":0,"ix":25,"mn":"ADBE Vector Group","hd":false},{"ty":"gr","it":[{"ind":0,"ty":"sh","ix":1,"ks":{"a":0,"k":{"i":[[0,0],[-51.543,-16.768],[33.73,2.153]],"o":[[0,0],[0,0],[-33.732,-2.153]],"v":[[-43.159,2.414],[43.159,-2.284],[-4.86,16.898]],"c":true},"ix":2},"nm":"Path 1","mn":"ADBE Vector Shape - Group","hd":false},{"ty":"fl","c":{"a":0,"k":[0.188235294118,0.4,0,1],"ix":4},"o":{"a":0,"k":100,"ix":5},"r":1,"bm":0,"nm":"Fill 1","mn":"ADBE Vector Graphic - Fill","hd":false},{"ty":"tr","p":{"a":0,"k":[179.834,608.452],"ix":2},"a":{"a":0,"k":[0,0],"ix":1},"s":{"a":0,"k":[100,100],"ix":3},"r":{"a":0,"k":0,"ix":6},"o":{"a":0,"k":100,"ix":7},"sk":{"a":0,"k":0,"ix":4},"sa":{"a":0,"k":0,"ix":5},"nm":"Transform"}],"nm":"Group 26","np":2,"cix":2,"bm":0,"ix":26,"mn":"ADBE Vector Group","hd":false},{"ty":"gr","it":[{"ind":0,"ty":"sh","ix":1,"ks":{"a":0,"k":{"i":[[-32.948,-2.088],[3.85,-7.373],[0,0]],"o":[[0,0],[-3.849,7.307],[0,0]],"v":[[28.087,-10.146],[32.719,1.99],[-36.569,12.233]],"c":true},"ix":2},"nm":"Path 1","mn":"ADBE Vector Shape - Group","hd":false},{"ty":"fl","c":{"a":0,"k":[0.188235294118,0.4,0,1],"ix":4},"o":{"a":0,"k":100,"ix":5},"r":1,"bm":0,"nm":"Fill 1","mn":"ADBE Vector Graphic - Fill","hd":false},{"ty":"tr","p":{"a":0,"k":[647.827,630.667],"ix":2},"a":{"a":0,"k":[0,0],"ix":1},"s":{"a":0,"k":[100,100],"ix":3},"r":{"a":0,"k":0,"ix":6},"o":{"a":0,"k":100,"ix":7},"sk":{"a":0,"k":0,"ix":4},"sa":{"a":0,"k":0,"ix":5},"nm":"Transform"}],"nm":"Group 27","np":2,"cix":2,"bm":0,"ix":27,"mn":"ADBE Vector Group","hd":false},{"ty":"gr","it":[{"ind":0,"ty":"sh","ix":1,"ks":{"a":0,"k":{"i":[[-1.892,-1.957],[4.306,-3.327],[-74.247,7.112]],"o":[[-116.003,-49.846],[2.283,-3.262],[74.508,-7.112]],"v":[[112.089,8.286],[-112.089,41.56],[2.087,-20.225]],"c":true},"ix":2},"nm":"Path 1","mn":"ADBE Vector Shape - Group","hd":false},{"ty":"fl","c":{"a":0,"k":[0.188235294118,0.4,0,1],"ix":4},"o":{"a":0,"k":100,"ix":5},"r":1,"bm":0,"nm":"Fill 1","mn":"ADBE Vector Graphic - Fill","hd":false},{"ty":"tr","p":{"a":0,"k":[637.812,706.187],"ix":2},"a":{"a":0,"k":[0,0],"ix":1},"s":{"a":0,"k":[100,100],"ix":3},"r":{"a":0,"k":0,"ix":6},"o":{"a":0,"k":100,"ix":7},"sk":{"a":0,"k":0,"ix":4},"sa":{"a":0,"k":0,"ix":5},"nm":"Transform"}],"nm":"Group 28","np":2,"cix":2,"bm":0,"ix":28,"mn":"ADBE Vector Group","hd":false},{"ty":"gr","it":[{"ind":0,"ty":"sh","ix":1,"ks":{"a":0,"k":{"i":[[-39.146,-13.831],[17.55,-3.262],[0,0]],"o":[[0,0],[-17.486,3.262],[0,0]],"v":[[28.935,-0.849],[-0.033,11.417],[-28.936,4.893]],"c":true},"ix":2},"nm":"Path 1","mn":"ADBE Vector Shape - Group","hd":false},{"ty":"fl","c":{"a":0,"k":[0.188235294118,0.4,0,1],"ix":4},"o":{"a":0,"k":100,"ix":5},"r":1,"bm":0,"nm":"Fill 1","mn":"ADBE Vector Graphic - Fill","hd":false},{"ty":"tr","p":{"a":0,"k":[663.943,729.218],"ix":2},"a":{"a":0,"k":[0,0],"ix":1},"s":{"a":0,"k":[100,100],"ix":3},"r":{"a":0,"k":0,"ix":6},"o":{"a":0,"k":100,"ix":7},"sk":{"a":0,"k":0,"ix":4},"sa":{"a":0,"k":0,"ix":5},"nm":"Transform"}],"nm":"Group 29","np":2,"cix":2,"bm":0,"ix":29,"mn":"ADBE Vector Group","hd":false},{"ty":"gr","it":[{"ind":0,"ty":"sh","ix":1,"ks":{"a":0,"k":{"i":[[-37.189,6.851],[61.264,0],[0,0],[0,0]],"o":[[0,0],[-61.264,0],[0,0],[42.408,0.131]],"v":[[67.103,-36.015],[5.382,36.015],[-67.103,-22.64],[-67.103,-24.466]],"c":true},"ix":2},"nm":"Path 1","mn":"ADBE Vector Shape - Group","hd":false},{"ty":"fl","c":{"a":0,"k":[0.223529411765,0.223529411765,0.223529411765,1],"ix":4},"o":{"a":0,"k":100,"ix":5},"r":1,"bm":0,"nm":"Fill 1","mn":"ADBE Vector Graphic - Fill","hd":false},{"ty":"tr","p":{"a":0,"k":[485.175,578.701],"ix":2},"a":{"a":0,"k":[0,0],"ix":1},"s":{"a":0,"k":[100,100],"ix":3},"r":{"a":0,"k":0,"ix":6},"o":{"a":0,"k":100,"ix":7},"sk":{"a":0,"k":0,"ix":4},"sa":{"a":0,"k":0,"ix":5},"nm":"Transform"}],"nm":"Group 30","np":2,"cix":2,"bm":0,"ix":30,"mn":"ADBE Vector Group","hd":false},{"ty":"gr","it":[{"ind":0,"ty":"sh","ix":1,"ks":{"a":0,"k":{"i":[[0,0],[0,0],[47.432,0]],"o":[[0,0],[-0.587,2.741],[-48.477,0]],"v":[[-54.022,-27.37],[55.588,-34.025],[-7.111,34.024]],"c":true},"ix":2},"nm":"Path 1","mn":"ADBE Vector Shape - Group","hd":false},{"ty":"fl","c":{"a":0,"k":[0.223529411765,0.223529411765,0.223529411765,1],"ix":4},"o":{"a":0,"k":100,"ix":5},"r":1,"bm":0,"nm":"Fill 1","mn":"ADBE Vector Graphic - Fill","hd":false},{"ty":"tr","p":{"a":0,"k":[760.209,556.094],"ix":2},"a":{"a":0,"k":[0,0],"ix":1},"s":{"a":0,"k":[100,100],"ix":3},"r":{"a":0,"k":0,"ix":6},"o":{"a":0,"k":100,"ix":7},"sk":{"a":0,"k":0,"ix":4},"sa":{"a":0,"k":0,"ix":5},"nm":"Transform"}],"nm":"Group 31","np":2,"cix":2,"bm":0,"ix":31,"mn":"ADBE Vector Group","hd":false},{"ty":"gr","it":[{"ind":0,"ty":"sh","ix":1,"ks":{"a":0,"k":{"i":[[-22.509,0],[0,-25.249],[20.029,-2.806],[0,0],[0,25.184]],"o":[[22.509,0],[0,23.161],[0,0],[-22.509,0],[0,-25.249]],"v":[[0,-45.671],[40.777,0.001],[5.285,45.215],[0,45.671],[-40.777,0.001]],"c":true},"ix":2},"nm":"Path 1","mn":"ADBE Vector Shape - Group","hd":false},{"ty":"fl","c":{"a":0,"k":[0.913725550034,0.898039275525,0.850980451995,1],"ix":4},"o":{"a":0,"k":100,"ix":5},"r":1,"bm":0,"nm":"Fill 1","mn":"ADBE Vector Graphic - Fill","hd":false},{"ty":"tr","p":{"a":0,"k":[224.624,369.725],"ix":2},"a":{"a":0,"k":[0,0],"ix":1},"s":{"a":0,"k":[100,100],"ix":3},"r":{"a":0,"k":0,"ix":6},"o":{"a":0,"k":100,"ix":7},"sk":{"a":0,"k":0,"ix":4},"sa":{"a":0,"k":0,"ix":5},"nm":"Transform"}],"nm":"Group 32","np":2,"cix":2,"bm":0,"ix":32,"mn":"ADBE Vector Group","hd":false},{"ty":"gr","it":[{"ind":0,"ty":"sh","ix":1,"ks":{"a":0,"k":{"i":[[-7.895,-12.657],[21.335,-16.376],[0,0],[0,0],[0,23.162],[22.509,0],[0,0],[-5.741,-0.979]],"o":[[13.44,21.661],[0,0],[0,0],[20.029,-2.806],[0,-25.249],[0,0],[3.653,0.261],[11.874,2.088]],"v":[[29.98,-24.565],[12.755,41.593],[-14.712,43.877],[-38.134,45.833],[-2.642,0.62],[-43.419,-45.052],[-18.431,-45.833],[-3.882,-44.203]],"c":true},"ix":2},"nm":"Path 1","mn":"ADBE Vector Shape - Group","hd":false},{"ty":"fl","c":{"a":0,"k":[0.847058883368,0.815686334348,0.733333333333,1],"ix":4},"o":{"a":0,"k":100,"ix":5},"r":1,"bm":0,"nm":"Fill 1","mn":"ADBE Vector Graphic - Fill","hd":false},{"ty":"tr","p":{"a":0,"k":[268.044,369.106],"ix":2},"a":{"a":0,"k":[0,0],"ix":1},"s":{"a":0,"k":[100,100],"ix":3},"r":{"a":0,"k":0,"ix":6},"o":{"a":0,"k":100,"ix":7},"sk":{"a":0,"k":0,"ix":4},"sa":{"a":0,"k":0,"ix":5},"nm":"Transform"}],"nm":"Group 33","np":2,"cix":2,"bm":0,"ix":33,"mn":"ADBE Vector Group","hd":false},{"ty":"gr","it":[{"ind":0,"ty":"sh","ix":1,"ks":{"a":0,"k":{"i":[[-6.916,-12.657],[17.29,-5.741],[0,0],[0,0]],"o":[[6.85,12.658],[-17.224,5.742],[0,0],[0,0]],"v":[[20.911,-29.98],[11.45,35.916],[-28.74,42.637],[-19.149,-40.68]],"c":true},"ix":2},"nm":"Path 1","mn":"ADBE Vector Shape - Group","hd":false},{"ty":"fl","c":{"a":0,"k":[0.847058883368,0.815686334348,0.733333333333,1],"ix":4},"o":{"a":0,"k":100,"ix":5},"r":1,"bm":0,"nm":"Fill 1","mn":"ADBE Vector Graphic - Fill","hd":false},{"ty":"tr","p":{"a":0,"k":[858.173,315.932],"ix":2},"a":{"a":0,"k":[0,0],"ix":1},"s":{"a":0,"k":[100,100],"ix":3},"r":{"a":0,"k":0,"ix":6},"o":{"a":0,"k":100,"ix":7},"sk":{"a":0,"k":0,"ix":4},"sa":{"a":0,"k":0,"ix":5},"nm":"Transform"}],"nm":"Group 34","np":2,"cix":2,"bm":0,"ix":34,"mn":"ADBE Vector Group","hd":false},{"ty":"gr","it":[{"ind":0,"ty":"sh","ix":1,"ks":{"a":0,"k":{"i":[[-0.848,-15.137],[-4.241,-6.068],[8.025,7.763],[0,0],[0,0],[0,0],[0,0],[0,0],[0,0],[0,0],[0,0],[0,0],[0,0],[5.807,4.045],[0,0],[0,0],[0,0],[-10.048,-150.844],[-0.783,-20.291],[-31.448,-4.567],[-4.894,-23.684],[0,0],[-19.051,91.341],[-43.126,19.508],[-5.089,-6.654],[18.399,3.72],[-14.028,-2.806],[-9.59,-7.438],[-10.243,17.942],[-5.154,-19.443],[-26.033,3.458],[-29.425,3.131],[-58.197,2.413],[-2.283,0.065],[-38.689,-64.721],[-4.828,-29.882]],"o":[[0.391,7.959],[-8.547,-12.397],[-27.467,-26.685],[0,0],[-22.77,-39.994],[0,0],[0,0],[0,0],[-15.202,-24.728],[0,0],[-26.619,-32.295],[0,0],[-4.698,-5.415],[-43.061,-30.664],[0,0],[0,0],[0,0],[-19.834,10.243],[1.305,34.253],[3.392,24.467],[0,0],[-133.163,-97.017],[10.309,-49.52],[7.764,-3.523],[-11.156,-14.549],[14.354,0.327],[12.852,2.544],[1.371,-20.748],[4.567,19.769],[24.728,-9.134],[29.294,-3.914],[57.936,-6.133],[2.284,-0.066],[67.527,-2.48],[15.593,26.163],[2.479,14.94]],"v":[[434.1,-147.386],[434.686,-107.848],[409.633,-137.86],[360.439,-166.829],[324.294,-111.632],[265.378,-166.829],[183.564,-98.322],[124.584,-134.467],[80.805,-92.645],[29.458,-134.467],[8.514,-90.754],[-59.925,-126.899],[-80.868,-66.027],[-96.723,-80.184],[-206.136,-108.239],[-225.449,-60.285],[-294.542,-98.126],[-294.803,183.987],[-329.708,229.136],[-283.907,292.356],[-271.51,364.713],[-301.523,350.62],[-373.813,-163.043],[-276.6,-260.649],[-198.373,-290.009],[-249.002,-322.566],[-204.244,-322.238],[-172.08,-302.926],[-152.245,-364.712],[-136.848,-306.189],[-56.141,-319.173],[31.938,-329.741],[206.138,-342.921],[213.054,-343.181],[400.695,-278.983],[429.272,-192.665]],"c":true},"ix":2},"nm":"Path 1","mn":"ADBE Vector Shape - Group","hd":false},{"ty":"fl","c":{"a":0,"k":[0.186020824956,0,0.439215686275,1],"ix":4},"o":{"a":0,"k":100,"ix":5},"r":1,"bm":0,"nm":"Fill 1","mn":"ADBE Vector Graphic - Fill","hd":false},{"ty":"tr","p":{"a":0,"k":[434.936,364.963],"ix":2},"a":{"a":0,"k":[0,0],"ix":1},"s":{"a":0,"k":[100,100],"ix":3},"r":{"a":0,"k":0,"ix":6},"o":{"a":0,"k":100,"ix":7},"sk":{"a":0,"k":0,"ix":4},"sa":{"a":0,"k":0,"ix":5},"nm":"Transform"}],"nm":"Group 35","np":2,"cix":2,"bm":0,"ix":35,"mn":"ADBE Vector Group","hd":false}],"ip":0,"op":300.3003003003,"st":0,"ct":1,"bm":0},{"ddd":0,"ind":2,"ty":4,"nm":"right hand hair Outlines","parent":5,"sr":1,"ks":{"o":{"a":0,"k":100,"ix":11},"r":{"a":1,"k":[{"i":{"x":[0.667],"y":[1]},"o":{"x":[0.333],"y":[0]},"t":0,"s":[0]},{"i":{"x":[0.667],"y":[1]},"o":{"x":[0.333],"y":[0]},"t":10,"s":[-9]},{"i":{"x":[0.667],"y":[1]},"o":{"x":[0.333],"y":[0]},"t":16,"s":[-13]},{"i":{"x":[0.667],"y":[1]},"o":{"x":[0.333],"y":[0]},"t":23,"s":[-6]},{"i":{"x":[0.667],"y":[1]},"o":{"x":[0.333],"y":[0]},"t":31,"s":[0]},{"i":{"x":[0.667],"y":[1]},"o":{"x":[0.333],"y":[0]},"t":41,"s":[-9]},{"i":{"x":[0.667],"y":[1]},"o":{"x":[0.333],"y":[0]},"t":47,"s":[-13]},{"i":{"x":[0.667],"y":[1]},"o":{"x":[0.333],"y":[0]},"t":54,"s":[-6]},{"t":62,"s":[0]}],"ix":10},"p":{"a":1,"k":[{"i":{"x":0.667,"y":1},"o":{"x":0.333,"y":0},"t":0,"s":[171.5,252,0],"to":[3,2.917,0],"ti":[-3.833,-3.75,0]},{"i":{"x":0.667,"y":1},"o":{"x":0.333,"y":0},"t":10,"s":[189.5,269.5,0],"to":[3.833,3.75,0],"ti":[1.75,1.458,0]},{"i":{"x":0.667,"y":1},"o":{"x":0.333,"y":0},"t":16,"s":[194.5,274.5,0],"to":[-1.75,-1.458,0],"ti":[3.833,3.75,0]},{"i":{"x":0.667,"y":1},"o":{"x":0.333,"y":0},"t":23,"s":[179,260.75,0],"to":[-3.833,-3.75,0],"ti":[-1.75,-1.458,0]},{"i":{"x":0.667,"y":1},"o":{"x":0.333,"y":0},"t":31,"s":[171.5,252,0],"to":[1.75,1.458,0],"ti":[-3.833,-3.75,0]},{"i":{"x":0.667,"y":1},"o":{"x":0.333,"y":0},"t":41,"s":[189.5,269.5,0],"to":[3.833,3.75,0],"ti":[1.75,1.458,0]},{"i":{"x":0.667,"y":1},"o":{"x":0.333,"y":0},"t":47,"s":[194.5,274.5,0],"to":[-1.75,-1.458,0],"ti":[3.833,3.75,0]},{"i":{"x":0.667,"y":1},"o":{"x":0.333,"y":0},"t":54,"s":[179,260.75,0],"to":[-3.833,-3.75,0],"ti":[1.25,1.458,0]},{"t":62,"s":[171.5,252,0]}],"ix":2,"l":2},"a":{"a":0,"k":[35.5,40.5,0],"ix":1,"l":2},"s":{"a":0,"k":[100,100,100],"ix":6,"l":2}},"ao":0,"shapes":[{"ty":"gr","it":[{"ind":0,"ty":"sh","ix":1,"ks":{"a":0,"k":{"i":[[0,0],[-28,-22]],"o":[[0,0],[0,0]],"v":[[-22,10],[22,11]],"c":false},"ix":2},"nm":"Path 1","mn":"ADBE Vector Shape - Group","hd":false},{"ty":"st","c":{"a":0,"k":[0.454032658596,0.30141583611,0.212304268631,1],"ix":3},"o":{"a":0,"k":100,"ix":4},"w":{"a":0,"k":4,"ix":5},"lc":2,"lj":1,"ml":10,"bm":0,"nm":"Stroke 1","mn":"ADBE Vector Graphic - Stroke","hd":false},{"ty":"tr","p":{"a":0,"k":[32,60],"ix":2},"a":{"a":0,"k":[0,0],"ix":1},"s":{"a":0,"k":[100,100],"ix":3},"r":{"a":0,"k":0,"ix":6},"o":{"a":0,"k":100,"ix":7},"sk":{"a":0,"k":0,"ix":4},"sa":{"a":0,"k":0,"ix":5},"nm":"Transform"}],"nm":"Group 1","np":2,"cix":2,"bm":0,"ix":1,"mn":"ADBE Vector Group","hd":false},{"ty":"gr","it":[{"ind":0,"ty":"sh","ix":1,"ks":{"a":0,"k":{"i":[[0,0],[-28,-22]],"o":[[0,0],[0,0]],"v":[[-22,10],[22,11]],"c":false},"ix":2},"nm":"Path 1","mn":"ADBE Vector Shape - Group","hd":false},{"ty":"st","c":{"a":0,"k":[0.454032658596,0.30141583611,0.212304268631,1],"ix":3},"o":{"a":0,"k":100,"ix":4},"w":{"a":0,"k":4,"ix":5},"lc":2,"lj":1,"ml":10,"bm":0,"nm":"Stroke 1","mn":"ADBE Vector Graphic - Stroke","hd":false},{"ty":"tr","p":{"a":0,"k":[35,41],"ix":2},"a":{"a":0,"k":[0,0],"ix":1},"s":{"a":0,"k":[100,100],"ix":3},"r":{"a":0,"k":0,"ix":6},"o":{"a":0,"k":100,"ix":7},"sk":{"a":0,"k":0,"ix":4},"sa":{"a":0,"k":0,"ix":5},"nm":"Transform"}],"nm":"Group 2","np":2,"cix":2,"bm":0,"ix":2,"mn":"ADBE Vector Group","hd":false},{"ty":"gr","it":[{"ind":0,"ty":"sh","ix":1,"ks":{"a":0,"k":{"i":[[0,0],[-28,-22]],"o":[[0,0],[0,0]],"v":[[-22,10],[22,11]],"c":false},"ix":2},"nm":"Path 1","mn":"ADBE Vector Shape - Group","hd":false},{"ty":"st","c":{"a":0,"k":[0.454032658596,0.30141583611,0.212304268631,1],"ix":3},"o":{"a":0,"k":100,"ix":4},"w":{"a":0,"k":4,"ix":5},"lc":2,"lj":1,"ml":10,"bm":0,"nm":"Stroke 1","mn":"ADBE Vector Graphic - Stroke","hd":false},{"ty":"tr","p":{"a":0,"k":[39,21],"ix":2},"a":{"a":0,"k":[0,0],"ix":1},"s":{"a":0,"k":[100,100],"ix":3},"r":{"a":0,"k":0,"ix":6},"o":{"a":0,"k":100,"ix":7},"sk":{"a":0,"k":0,"ix":4},"sa":{"a":0,"k":0,"ix":5},"nm":"Transform"}],"nm":"Group 3","np":2,"cix":2,"bm":0,"ix":3,"mn":"ADBE Vector Group","hd":false}],"ip":0,"op":300,"st":0,"ct":1,"bm":0},{"ddd":0,"ind":3,"ty":4,"nm":"left hand hair Outlines","parent":6,"sr":1,"ks":{"o":{"a":0,"k":100,"ix":11},"r":{"a":1,"k":[{"i":{"x":[0.667],"y":[1]},"o":{"x":[0.333],"y":[0]},"t":0,"s":[0]},{"i":{"x":[0.667],"y":[1]},"o":{"x":[0.333],"y":[0]},"t":10,"s":[9]},{"i":{"x":[0.667],"y":[1]},"o":{"x":[0.333],"y":[0]},"t":16,"s":[9]},{"i":{"x":[0.667],"y":[1]},"o":{"x":[0.333],"y":[0]},"t":23,"s":[6]},{"i":{"x":[0.667],"y":[1]},"o":{"x":[0.333],"y":[0]},"t":31,"s":[0]},{"i":{"x":[0.667],"y":[1]},"o":{"x":[0.333],"y":[0]},"t":41,"s":[9]},{"i":{"x":[0.667],"y":[1]},"o":{"x":[0.333],"y":[0]},"t":47,"s":[9]},{"i":{"x":[0.667],"y":[1]},"o":{"x":[0.333],"y":[0]},"t":54,"s":[6]},{"t":62,"s":[0]}],"ix":10},"p":{"a":1,"k":[{"i":{"x":0.667,"y":1},"o":{"x":0.333,"y":0},"t":0,"s":[258,254,0],"to":[-2.083,1.5,0],"ti":[2.25,-1.917,0]},{"i":{"x":0.667,"y":1},"o":{"x":0.333,"y":0},"t":10,"s":[245.5,263,0],"to":[-2.25,1.917,0],"ti":[-1.708,1.083,0]},{"i":{"x":0.667,"y":1},"o":{"x":0.333,"y":0},"t":16,"s":[244.5,265.5,0],"to":[1.708,-1.083,0],"ti":[-2.25,1.917,0]},{"i":{"x":0.667,"y":1},"o":{"x":0.333,"y":0},"t":23,"s":[255.75,256.5,0],"to":[2.25,-1.917,0],"ti":[1.708,-1.083,0]},{"i":{"x":0.667,"y":1},"o":{"x":0.333,"y":0},"t":31,"s":[258,254,0],"to":[-1.708,1.083,0],"ti":[2.25,-1.917,0]},{"i":{"x":0.667,"y":1},"o":{"x":0.333,"y":0},"t":41,"s":[245.5,263,0],"to":[-2.25,1.917,0],"ti":[-1.708,1.083,0]},{"i":{"x":0.667,"y":1},"o":{"x":0.333,"y":0},"t":47,"s":[244.5,265.5,0],"to":[1.708,-1.083,0],"ti":[-2.25,1.917,0]},{"i":{"x":0.667,"y":1},"o":{"x":0.333,"y":0},"t":54,"s":[255.75,256.5,0],"to":[2.25,-1.917,0],"ti":[-0.375,0.417,0]},{"t":62,"s":[258,254,0]}],"ix":2,"l":2},"a":{"a":0,"k":[33,39,0],"ix":1,"l":2},"s":{"a":0,"k":[100,100,100],"ix":6,"l":2}},"ao":0,"shapes":[{"ty":"gr","it":[{"ind":0,"ty":"sh","ix":1,"ks":{"a":0,"k":{"i":[[0,0],[-21,-18]],"o":[[0,0],[0,0]],"v":[[-20,12],[20,6]],"c":false},"ix":2},"nm":"Path 1","mn":"ADBE Vector Shape - Group","hd":false},{"ty":"st","c":{"a":0,"k":[0.218980901382,0.160196895225,0.100487585629,1],"ix":3},"o":{"a":0,"k":100,"ix":4},"w":{"a":0,"k":4,"ix":5},"lc":2,"lj":1,"ml":10,"bm":0,"nm":"Stroke 1","mn":"ADBE Vector Graphic - Stroke","hd":false},{"ty":"tr","p":{"a":0,"k":[36,56],"ix":2},"a":{"a":0,"k":[0,0],"ix":1},"s":{"a":0,"k":[100,100],"ix":3},"r":{"a":0,"k":0,"ix":6},"o":{"a":0,"k":100,"ix":7},"sk":{"a":0,"k":0,"ix":4},"sa":{"a":0,"k":0,"ix":5},"nm":"Transform"}],"nm":"Group 1","np":2,"cix":2,"bm":0,"ix":1,"mn":"ADBE Vector Group","hd":false},{"ty":"gr","it":[{"ind":0,"ty":"sh","ix":1,"ks":{"a":0,"k":{"i":[[0,0],[-21,-18]],"o":[[0,0],[0,0]],"v":[[-20,12],[20,6]],"c":false},"ix":2},"nm":"Path 1","mn":"ADBE Vector Shape - Group","hd":false},{"ty":"st","c":{"a":0,"k":[0.218980901382,0.160196895225,0.100487585629,1],"ix":3},"o":{"a":0,"k":100,"ix":4},"w":{"a":0,"k":4,"ix":5},"lc":2,"lj":1,"ml":10,"bm":0,"nm":"Stroke 1","mn":"ADBE Vector Graphic - Stroke","hd":false},{"ty":"tr","p":{"a":0,"k":[33,38],"ix":2},"a":{"a":0,"k":[0,0],"ix":1},"s":{"a":0,"k":[100,100],"ix":3},"r":{"a":0,"k":0,"ix":6},"o":{"a":0,"k":100,"ix":7},"sk":{"a":0,"k":0,"ix":4},"sa":{"a":0,"k":0,"ix":5},"nm":"Transform"}],"nm":"Group 2","np":2,"cix":2,"bm":0,"ix":2,"mn":"ADBE Vector Group","hd":false},{"ty":"gr","it":[{"ind":0,"ty":"sh","ix":1,"ks":{"a":0,"k":{"i":[[0,0],[-21,-18]],"o":[[0,0],[0,0]],"v":[[-20,12],[20,6]],"c":false},"ix":2},"nm":"Path 1","mn":"ADBE Vector Shape - Group","hd":false},{"ty":"st","c":{"a":0,"k":[0.218980901382,0.160196895225,0.100487585629,1],"ix":3},"o":{"a":0,"k":100,"ix":4},"w":{"a":0,"k":4,"ix":5},"lc":2,"lj":1,"ml":10,"bm":0,"nm":"Stroke 1","mn":"ADBE Vector Graphic - Stroke","hd":false},{"ty":"tr","p":{"a":0,"k":[30,22],"ix":2},"a":{"a":0,"k":[0,0],"ix":1},"s":{"a":0,"k":[100,100],"ix":3},"r":{"a":0,"k":0,"ix":6},"o":{"a":0,"k":100,"ix":7},"sk":{"a":0,"k":0,"ix":4},"sa":{"a":0,"k":0,"ix":5},"nm":"Transform"}],"nm":"Group 3","np":2,"cix":2,"bm":0,"ix":3,"mn":"ADBE Vector Group","hd":false}],"ip":0,"op":300,"st":0,"ct":1,"bm":0},{"ddd":0,"ind":4,"ty":4,"nm":"body Outlines","sr":1,"ks":{"o":{"a":0,"k":100,"ix":11},"r":{"a":0,"k":0,"ix":10},"p":{"a":1,"k":[{"i":{"x":0.667,"y":1},"o":{"x":0.333,"y":0},"t":0,"s":[570,532.006,0],"to":[0,-5.667,0],"ti":[0,-0.333,0]},{"i":{"x":0.667,"y":1},"o":{"x":0.333,"y":0},"t":10,"s":[570,498.006,0],"to":[0,0.333,0],"ti":[0,0.333,0]},{"i":{"x":0.667,"y":1},"o":{"x":0.333,"y":0},"t":16,"s":[570,534.006,0],"to":[0,-0.333,0],"ti":[0,0.333,0]},{"i":{"x":0.667,"y":1},"o":{"x":0.333,"y":0},"t":23,"s":[570,496.006,0],"to":[0,-0.333,0],"ti":[0,-0.333,0]},{"i":{"x":0.667,"y":1},"o":{"x":0.333,"y":0},"t":31,"s":[570,532.006,0],"to":[0,0.333,0],"ti":[0,-0.333,0]},{"i":{"x":0.667,"y":1},"o":{"x":0.333,"y":0},"t":41,"s":[570,498.006,0],"to":[0,0.333,0],"ti":[0,0.333,0]},{"i":{"x":0.667,"y":1},"o":{"x":0.333,"y":0},"t":47,"s":[570,534.006,0],"to":[0,-0.333,0],"ti":[0,0.333,0]},{"i":{"x":0.667,"y":1},"o":{"x":0.333,"y":0},"t":54,"s":[570,496.006,0],"to":[0,-0.333,0],"ti":[0,-6,0]},{"t":62,"s":[570,532.006,0]}],"ix":2,"l":2},"a":{"a":0,"k":[113.75,92.744,0],"ix":1,"l":2},"s":{"a":0,"k":[100,100,100],"ix":6,"l":2}},"ao":0,"shapes":[{"ty":"gr","it":[{"ind":0,"ty":"sh","ix":1,"ks":{"a":0,"k":{"i":[[32.5,17.5],[-8,0],[0,-7],[-36,-1],[-5,34],[9,15],[0,0],[-2,-27],[26,-15],[25,-16],[30,13],[6.851,3.862],[11.773,18.968],[-8,18]],"o":[[0,0],[8,0],[0,0],[0,0],[0,0],[0,0],[0,0],[0,0],[0,0],[0,0],[0,0],[-12.952,-7.302],[0,0],[8,-18]],"v":[[-68,-82.75],[-39,-89.75],[-18.5,-49.25],[22.5,-10.25],[63.5,-37.25],[59.5,-68.25],[68.5,-72.25],[88.5,-31.25],[62.5,27.75],[18.5,69.75],[-31.5,76.75],[-43,71.25],[-88.5,30.75],[-49.5,-1.25]],"c":true},"ix":2},"nm":"Path 1","mn":"ADBE Vector Shape - Group","hd":false},{"ty":"fl","c":{"a":0,"k":[0.294117647059,0.160784313725,0.356862745098,1],"ix":4},"o":{"a":0,"k":100,"ix":5},"r":1,"bm":0,"nm":"Fill 1","mn":"ADBE Vector Graphic - Fill","hd":false},{"ty":"tr","p":{"a":0,"k":[102.75,95.489],"ix":2},"a":{"a":0,"k":[0,0],"ix":1},"s":{"a":0,"k":[100,100],"ix":3},"r":{"a":0,"k":0,"ix":6},"o":{"a":0,"k":100,"ix":7},"sk":{"a":0,"k":0,"ix":4},"sa":{"a":0,"k":0,"ix":5},"nm":"Transform"}],"nm":"Group 1","np":2,"cix":2,"bm":0,"ix":1,"mn":"ADBE Vector Group","hd":false},{"ty":"gr","it":[{"ind":0,"ty":"sh","ix":1,"ks":{"a":0,"k":{"i":[[0,0],[13,-9],[11.655,-10.054],[5.693,-4.263],[10.794,0],[10.827,6.89],[0,28],[-91,2]],"o":[[-3,6],[-8.94,6.189],[-5.7,4.917],[-10.356,7.753],[-13,0],[-22,-14],[0,-47.22],[136,-2.989]],"v":[[71.5,8.994],[51.5,34.994],[25.5,62.994],[7.5,76.994],[-20.5,87.994],[-56.5,76.994],[-113.5,3.994],[-22.5,-85.006]],"c":true},"ix":2},"nm":"Path 1","mn":"ADBE Vector Shape - Group","hd":false},{"ty":"fl","c":{"a":0,"k":[0.462745098039,0.709803921569,0.109803921569,1],"ix":4},"o":{"a":0,"k":100,"ix":5},"r":1,"bm":0,"nm":"Fill 1","mn":"ADBE Vector Graphic - Fill","hd":false},{"ty":"tr","p":{"a":0,"k":[113.75,88.245],"ix":2},"a":{"a":0,"k":[0,0],"ix":1},"s":{"a":0,"k":[100,100],"ix":3},"r":{"a":0,"k":0,"ix":6},"o":{"a":0,"k":100,"ix":7},"sk":{"a":0,"k":0,"ix":4},"sa":{"a":0,"k":0,"ix":5},"nm":"Transform"}],"nm":"Group 2","np":2,"cix":2,"bm":0,"ix":2,"mn":"ADBE Vector Group","hd":false}],"ip":0,"op":300,"st":0,"ct":1,"bm":0},{"ddd":0,"ind":5,"ty":4,"nm":"right hand Outlines","parent":4,"sr":1,"ks":{"o":{"a":0,"k":100,"ix":11},"r":{"a":0,"k":0,"ix":10},"p":{"a":0,"k":[59.25,43.239,0],"ix":2,"l":2},"a":{"a":0,"k":[333.5,150,0],"ix":1,"l":2},"s":{"a":0,"k":[100,100,100],"ix":6,"l":2}},"ao":0,"shapes":[{"ty":"gr","it":[{"ind":0,"ty":"sh","ix":1,"ks":{"a":1,"k":[{"i":{"x":0.667,"y":1},"o":{"x":0.333,"y":0},"t":0,"s":[{"i":[[0,0],[-30,-162]],"o":[[0,0],[0,0]],"v":[[91.75,-85.75],[-61.75,85.75]],"c":false}]},{"i":{"x":0.667,"y":1},"o":{"x":0.333,"y":0},"t":10,"s":[{"i":[[0,0],[-52,-167.5]],"o":[[0,0],[0,0]],"v":[[91.75,-85.75],[-32.75,101.75]],"c":false}]},{"i":{"x":0.667,"y":1},"o":{"x":0.333,"y":0},"t":16,"s":[{"i":[[0,0],[-59,-170.5]],"o":[[0,0],[0,0]],"v":[[91.75,-85.75],[-23.75,106.25]],"c":false}]},{"i":{"x":0.667,"y":1},"o":{"x":0.333,"y":0},"t":23,"s":[{"i":[[0,0],[-44.5,-163]],"o":[[0,0],[0,0]],"v":[[91.75,-85.75],[-46.75,93.75]],"c":false}]},{"i":{"x":0.667,"y":1},"o":{"x":0.333,"y":0},"t":31,"s":[{"i":[[0,0],[-30,-162]],"o":[[0,0],[0,0]],"v":[[91.75,-85.75],[-61.75,85.75]],"c":false}]},{"i":{"x":0.667,"y":1},"o":{"x":0.333,"y":0},"t":41,"s":[{"i":[[0,0],[-52,-167.5]],"o":[[0,0],[0,0]],"v":[[91.75,-85.75],[-32.75,101.75]],"c":false}]},{"i":{"x":0.667,"y":1},"o":{"x":0.333,"y":0},"t":47,"s":[{"i":[[0,0],[-59,-170.5]],"o":[[0,0],[0,0]],"v":[[91.75,-85.75],[-23.75,106.25]],"c":false}]},{"i":{"x":0.667,"y":1},"o":{"x":0.333,"y":0},"t":54,"s":[{"i":[[0,0],[-44.5,-163]],"o":[[0,0],[0,0]],"v":[[91.75,-85.75],[-46.75,93.75]],"c":false}]},{"t":62,"s":[{"i":[[0,0],[-30,-162]],"o":[[0,0],[0,0]],"v":[[91.75,-85.75],[-61.75,85.75]],"c":false}]}],"ix":2},"nm":"Path 1","mn":"ADBE Vector Shape - Group","hd":false},{"ty":"st","c":{"a":0,"k":[0.462745098039,0.709803921569,0.109803921569,1],"ix":3},"o":{"a":0,"k":100,"ix":4},"w":{"a":0,"k":60,"ix":5},"lc":2,"lj":1,"ml":10,"bm":0,"nm":"Stroke 1","mn":"ADBE Vector Graphic - Stroke","hd":false},{"ty":"tr","p":{"a":0,"k":[241.75,235.75],"ix":2},"a":{"a":0,"k":[0,0],"ix":1},"s":{"a":0,"k":[100,100],"ix":3},"r":{"a":0,"k":0,"ix":6},"o":{"a":0,"k":100,"ix":7},"sk":{"a":0,"k":0,"ix":4},"sa":{"a":0,"k":0,"ix":5},"nm":"Transform"}],"nm":"Group 1","np":2,"cix":2,"bm":0,"ix":1,"mn":"ADBE Vector Group","hd":false}],"ip":0,"op":300,"st":0,"ct":1,"bm":0},{"ddd":0,"ind":6,"ty":4,"nm":"left hand Outlines","parent":4,"sr":1,"ks":{"o":{"a":0,"k":100,"ix":11},"r":{"a":0,"k":0,"ix":10},"p":{"a":0,"k":[157.75,50.739,0],"ix":2,"l":2},"a":{"a":0,"k":[150,150,0],"ix":1,"l":2},"s":{"a":0,"k":[100,100,100],"ix":6,"l":2}},"ao":0,"shapes":[{"ty":"gr","it":[{"ind":0,"ty":"sh","ix":1,"ks":{"a":1,"k":[{"i":{"x":0.667,"y":1},"o":{"x":0.333,"y":0},"t":0,"s":[{"i":[[0,0],[34,-130]],"o":[[0,0],[0,0]],"v":[[-64.5,-88],[30.5,88]],"c":false}]},{"i":{"x":0.667,"y":1},"o":{"x":0.333,"y":0},"t":10,"s":[{"i":[[0,0],[47.5,-132.5]],"o":[[0,0],[0,0]],"v":[[-64.5,-88],[7,93.5]],"c":false}]},{"i":{"x":0.667,"y":1},"o":{"x":0.333,"y":0},"t":16,"s":[{"i":[[0,0],[53,-131.5]],"o":[[0,0],[0,0]],"v":[[-64.5,-88],[4,95.5]],"c":false}]},{"i":{"x":0.667,"y":1},"o":{"x":0.333,"y":0},"t":23,"s":[{"i":[[0,0],[40,-129]],"o":[[0,0],[0,0]],"v":[[-64.5,-88],[23.5,89]],"c":false}]},{"i":{"x":0.667,"y":1},"o":{"x":0.333,"y":0},"t":31,"s":[{"i":[[0,0],[34,-130]],"o":[[0,0],[0,0]],"v":[[-64.5,-88],[30.5,88]],"c":false}]},{"i":{"x":0.667,"y":1},"o":{"x":0.333,"y":0},"t":41,"s":[{"i":[[0,0],[47.5,-132.5]],"o":[[0,0],[0,0]],"v":[[-64.5,-88],[7,93.5]],"c":false}]},{"i":{"x":0.667,"y":1},"o":{"x":0.333,"y":0},"t":47,"s":[{"i":[[0,0],[53,-131.5]],"o":[[0,0],[0,0]],"v":[[-64.5,-88],[4,95.5]],"c":false}]},{"i":{"x":0.667,"y":1},"o":{"x":0.333,"y":0},"t":54,"s":[{"i":[[0,0],[40,-129]],"o":[[0,0],[0,0]],"v":[[-64.5,-88],[23.5,89]],"c":false}]},{"t":62,"s":[{"i":[[0,0],[34,-130]],"o":[[0,0],[0,0]],"v":[[-64.5,-88],[30.5,88]],"c":false}]}],"ix":2},"nm":"Path 1","mn":"ADBE Vector Shape - Group","hd":false},{"ty":"st","c":{"a":0,"k":[0.462745098039,0.709803921569,0.109803921569,1],"ix":3},"o":{"a":0,"k":100,"ix":4},"w":{"a":0,"k":60,"ix":5},"lc":2,"lj":1,"ml":10,"bm":0,"nm":"Stroke 1","mn":"ADBE Vector Graphic - Stroke","hd":false},{"ty":"tr","p":{"a":0,"k":[214.5,238],"ix":2},"a":{"a":0,"k":[0,0],"ix":1},"s":{"a":0,"k":[100,100],"ix":3},"r":{"a":0,"k":0,"ix":6},"o":{"a":0,"k":100,"ix":7},"sk":{"a":0,"k":0,"ix":4},"sa":{"a":0,"k":0,"ix":5},"nm":"Transform"}],"nm":"Group 1","np":2,"cix":2,"bm":0,"ix":1,"mn":"ADBE Vector Group","hd":false}],"ip":0,"op":300,"st":0,"ct":1,"bm":0},{"ddd":0,"ind":7,"ty":4,"nm":"right leg Outlines","parent":8,"sr":1,"ks":{"o":{"a":0,"k":100,"ix":11},"r":{"a":0,"k":0,"ix":10},"p":{"a":0,"k":[33.25,63.25,0],"ix":2,"l":2},"a":{"a":0,"k":[60,60,0],"ix":1,"l":2},"s":{"a":0,"k":[100,100,100],"ix":6,"l":2}},"ao":0,"shapes":[{"ty":"gr","it":[{"ind":0,"ty":"sh","ix":1,"ks":{"a":1,"k":[{"i":{"x":0.667,"y":1},"o":{"x":0.333,"y":0},"t":0,"s":[{"i":[[0,0],[9,-108]],"o":[[0,0],[0,0]],"v":[[-31,-64],[22,64]],"c":false}]},{"i":{"x":0.667,"y":1},"o":{"x":0.333,"y":0},"t":10,"s":[{"i":[[0,0],[27,-106.5]],"o":[[0,0],[0,0]],"v":[[-43,-66],[-50,97]],"c":false}]},{"i":{"x":0.667,"y":1},"o":{"x":0.333,"y":0},"t":16,"s":[{"i":[[0,0],[109.5,-26]],"o":[[0,0],[0,0]],"v":[[-47.5,-65.5],[-115.5,60]],"c":false}]},{"i":{"x":0.667,"y":1},"o":{"x":0.333,"y":0},"t":23,"s":[{"i":[[0,0],[93.5,-11]],"o":[[0,0],[0,0]],"v":[[-35,-67],[-46,30]],"c":false}]},{"i":{"x":0.667,"y":1},"o":{"x":0.333,"y":0},"t":31,"s":[{"i":[[0,0],[9,-108]],"o":[[0,0],[0,0]],"v":[[-31,-64],[22,64]],"c":false}]},{"i":{"x":0.667,"y":1},"o":{"x":0.333,"y":0},"t":41,"s":[{"i":[[0,0],[27,-106.5]],"o":[[0,0],[0,0]],"v":[[-43,-66],[-50,97]],"c":false}]},{"i":{"x":0.667,"y":1},"o":{"x":0.333,"y":0},"t":47,"s":[{"i":[[0,0],[109.5,-26]],"o":[[0,0],[0,0]],"v":[[-47.5,-65.5],[-115.5,60]],"c":false}]},{"i":{"x":0.667,"y":1},"o":{"x":0.333,"y":0},"t":54,"s":[{"i":[[0,0],[93.5,-11]],"o":[[0,0],[0,0]],"v":[[-35,-67],[-46,30]],"c":false}]},{"t":62,"s":[{"i":[[0,0],[9,-108]],"o":[[0,0],[0,0]],"v":[[-31,-64],[22,64]],"c":false}]}],"ix":2},"nm":"Path 1","mn":"ADBE Vector Shape - Group","hd":false},{"ty":"st","c":{"a":0,"k":[0.286274509804,0.294117647059,0.345098039216,1],"ix":3},"o":{"a":0,"k":100,"ix":4},"w":{"a":0,"k":24,"ix":5},"lc":2,"lj":1,"ml":10,"bm":0,"nm":"Stroke 1","mn":"ADBE Vector Graphic - Stroke","hd":false},{"ty":"tr","p":{"a":0,"k":[91,124],"ix":2},"a":{"a":0,"k":[0,0],"ix":1},"s":{"a":0,"k":[100,100],"ix":3},"r":{"a":0,"k":0,"ix":6},"o":{"a":0,"k":100,"ix":7},"sk":{"a":0,"k":0,"ix":4},"sa":{"a":0,"k":0,"ix":5},"nm":"Transform"}],"nm":"Group 1","np":2,"cix":2,"bm":0,"ix":1,"mn":"ADBE Vector Group","hd":false}],"ip":0,"op":300,"st":0,"ct":1,"bm":0},{"ddd":0,"ind":8,"ty":4,"nm":"pant Outlines","parent":4,"sr":1,"ks":{"o":{"a":0,"k":100,"ix":11},"r":{"a":0,"k":0,"ix":10},"p":{"a":0,"k":[74.75,192.239,0],"ix":2,"l":2},"a":{"a":0,"k":[41.25,43.75,0],"ix":1,"l":2},"s":{"a":0,"k":[100,100,100],"ix":6,"l":2}},"ao":0,"shapes":[{"ty":"gr","it":[{"ind":0,"ty":"sh","ix":1,"ks":{"a":0,"k":{"i":[[0,0],[0,0],[0,-15],[0,0]],"o":[[0,0],[0,0],[0,0],[0,0]],"v":[[-3.906,-8.645],[2.906,-10],[3.906,10],[-2.094,10]],"c":true},"ix":2},"nm":"Path 1","mn":"ADBE Vector Shape - Group","hd":false},{"ty":"fl","c":{"a":0,"k":[0.286274509804,0.294117647059,0.345098039216,1],"ix":4},"o":{"a":0,"k":100,"ix":5},"r":1,"bm":0,"nm":"Fill 1","mn":"ADBE Vector Graphic - Fill","hd":false},{"ty":"tr","p":{"a":0,"k":[77.343,30.251],"ix":2},"a":{"a":0,"k":[0,0],"ix":1},"s":{"a":0,"k":[100,100],"ix":3},"r":{"a":0,"k":0,"ix":6},"o":{"a":0,"k":100,"ix":7},"sk":{"a":0,"k":0,"ix":4},"sa":{"a":0,"k":0,"ix":5},"nm":"Transform"}],"nm":"Group 1","np":2,"cix":2,"bm":0,"ix":1,"mn":"ADBE Vector Group","hd":false},{"ty":"gr","it":[{"ind":0,"ty":"sh","ix":1,"ks":{"a":0,"k":{"i":[[0,0],[0,0],[-0.329,-12.038],[0,0]],"o":[[0,0],[0,0],[0,0],[0,0]],"v":[[-2.403,-12.884],[4.597,-11.884],[2.801,12.884],[-4.597,9.68]],"c":true},"ix":2},"nm":"Path 1","mn":"ADBE Vector Shape - Group","hd":false},{"ty":"fl","c":{"a":0,"k":[0.286274509804,0.294117647059,0.345098039216,1],"ix":4},"o":{"a":0,"k":100,"ix":5},"r":1,"bm":0,"nm":"Fill 1","mn":"ADBE Vector Graphic - Fill","hd":false},{"ty":"tr","p":{"a":0,"k":[41.653,32.134],"ix":2},"a":{"a":0,"k":[0,0],"ix":1},"s":{"a":0,"k":[100,100],"ix":3},"r":{"a":0,"k":0,"ix":6},"o":{"a":0,"k":100,"ix":7},"sk":{"a":0,"k":0,"ix":4},"sa":{"a":0,"k":0,"ix":5},"nm":"Transform"}],"nm":"Group 2","np":2,"cix":2,"bm":0,"ix":2,"mn":"ADBE Vector Group","hd":false},{"ty":"gr","it":[{"ind":0,"ty":"sh","ix":1,"ks":{"a":0,"k":{"i":[[0,0],[0,0],[1,-12],[0,0]],"o":[[0,0],[0,0],[0,0],[0,0]],"v":[[-1,-12],[6,-8],[1,12],[-6,8]],"c":true},"ix":2},"nm":"Path 1","mn":"ADBE Vector Shape - Group","hd":false},{"ty":"fl","c":{"a":0,"k":[0.286274509804,0.294117647059,0.345098039216,1],"ix":4},"o":{"a":0,"k":100,"ix":5},"r":1,"bm":0,"nm":"Fill 1","mn":"ADBE Vector Graphic - Fill","hd":false},{"ty":"tr","p":{"a":0,"k":[10.25,17.25],"ix":2},"a":{"a":0,"k":[0,0],"ix":1},"s":{"a":0,"k":[100,100],"ix":3},"r":{"a":0,"k":0,"ix":6},"o":{"a":0,"k":100,"ix":7},"sk":{"a":0,"k":0,"ix":4},"sa":{"a":0,"k":0,"ix":5},"nm":"Transform"}],"nm":"Group 3","np":2,"cix":2,"bm":0,"ix":3,"mn":"ADBE Vector Group","hd":false},{"ty":"gr","it":[{"ind":0,"ty":"sh","ix":1,"ks":{"a":0,"k":{"i":[[13,4],[0,0],[-7,4],[0,0]],"o":[[0,0],[0,0],[0,0],[0,0]],"v":[[-10.5,-7.5],[-11.5,6.5],[11.5,4.5],[11.5,-8.5]],"c":true},"ix":2},"nm":"Path 1","mn":"ADBE Vector Shape - Group","hd":false},{"ty":"st","c":{"a":0,"k":[0.833177274816,0.684361237171,0.327018318924,1],"ix":3},"o":{"a":0,"k":100,"ix":4},"w":{"a":0,"k":2,"ix":5},"lc":1,"lj":2,"bm":0,"nm":"Stroke 1","mn":"ADBE Vector Graphic - Stroke","hd":false},{"ty":"tr","p":{"a":0,"k":[60.75,33.75],"ix":2},"a":{"a":0,"k":[0,0],"ix":1},"s":{"a":0,"k":[100,100],"ix":3},"r":{"a":0,"k":0,"ix":6},"o":{"a":0,"k":100,"ix":7},"sk":{"a":0,"k":0,"ix":4},"sa":{"a":0,"k":0,"ix":5},"nm":"Transform"}],"nm":"Group 4","np":2,"cix":2,"bm":0,"ix":4,"mn":"ADBE Vector Group","hd":false},{"ty":"gr","it":[{"ind":0,"ty":"sh","ix":1,"ks":{"a":0,"k":{"i":[[49,42],[-1,-11],[-42,23],[0,0]],"o":[[0,0],[0,0],[0,0],[0,0]],"v":[[-38,-28],[-40,-8],[41,5],[41,-9]],"c":true},"ix":2},"nm":"Path 1","mn":"ADBE Vector Shape - Group","hd":false},{"ty":"fl","c":{"a":0,"k":[0,0,0,1],"ix":4},"o":{"a":0,"k":100,"ix":5},"r":1,"bm":0,"nm":"Fill 1","mn":"ADBE Vector Graphic - Fill","hd":false},{"ty":"tr","p":{"a":0,"k":[41.25,29.25],"ix":2},"a":{"a":0,"k":[0,0],"ix":1},"s":{"a":0,"k":[100,100],"ix":3},"r":{"a":0,"k":0,"ix":6},"o":{"a":0,"k":100,"ix":7},"sk":{"a":0,"k":0,"ix":4},"sa":{"a":0,"k":0,"ix":5},"nm":"Transform"}],"nm":"Group 5","np":2,"cix":2,"bm":0,"ix":5,"mn":"ADBE Vector Group","hd":false},{"ty":"gr","it":[{"ind":0,"ty":"sh","ix":1,"ks":{"a":0,"k":{"i":[[22.683,0],[0,0],[0,22.052],[0,0],[0,0],[0,0],[0,0]],"o":[[0,0],[-22.052,0],[0,0],[0,0],[0,0],[0,0],[0,22.682]],"v":[[-0.571,43.5],[-0.571,43.5],[-40.5,3.571],[-40.5,-24.5],[-38.5,-43.5],[40.5,-24.5],[40.5,2.429]],"c":true},"ix":2},"nm":"Path 1","mn":"ADBE Vector Shape - Group","hd":false},{"ty":"fl","c":{"a":0,"k":[0.286274509804,0.294117647059,0.345098039216,1],"ix":4},"o":{"a":0,"k":100,"ix":5},"r":1,"bm":0,"nm":"Fill 1","mn":"ADBE Vector Graphic - Fill","hd":false},{"ty":"tr","p":{"a":0,"k":[41.75,43.75],"ix":2},"a":{"a":0,"k":[0,0],"ix":1},"s":{"a":0,"k":[100,100],"ix":3},"r":{"a":0,"k":0,"ix":6},"o":{"a":0,"k":100,"ix":7},"sk":{"a":0,"k":0,"ix":4},"sa":{"a":0,"k":0,"ix":5},"nm":"Transform"}],"nm":"Group 6","np":2,"cix":2,"bm":0,"ix":6,"mn":"ADBE Vector Group","hd":false}],"ip":0,"op":300,"st":0,"ct":1,"bm":0},{"ddd":0,"ind":9,"ty":4,"nm":"left leg Outlines","parent":8,"sr":1,"ks":{"o":{"a":0,"k":100,"ix":11},"r":{"a":0,"k":0,"ix":10},"p":{"a":0,"k":[54.25,61.25,0],"ix":2,"l":2},"a":{"a":0,"k":[137,60,0],"ix":1,"l":2},"s":{"a":0,"k":[100,100,100],"ix":6,"l":2}},"ao":0,"shapes":[{"ty":"gr","it":[{"ind":0,"ty":"sh","ix":1,"ks":{"a":1,"k":[{"i":{"x":0.667,"y":1},"o":{"x":0.333,"y":0},"t":0,"s":[{"i":[[0,0],[121,-38]],"o":[[0,0],[0,0]],"v":[[16.5,-64],[-60.5,64]],"c":false}]},{"i":{"x":0.667,"y":1},"o":{"x":0.333,"y":0},"t":10,"s":[{"i":[[0,0],[85.5,-35]],"o":[[0,0],[0,0]],"v":[[16.5,-64],[16.5,32]],"c":false}]},{"i":{"x":0.667,"y":1},"o":{"x":0.333,"y":0},"t":16,"s":[{"i":[[0,0],[38,-104.5]],"o":[[0,0],[0,0]],"v":[[16.5,-64],[81,62]],"c":false}]},{"i":{"x":0.667,"y":1},"o":{"x":0.333,"y":0},"t":23,"s":[{"i":[[0,0],[36,-112]],"o":[[0,0],[0,0]],"v":[[16.5,-64],[13,99]],"c":false}]},{"i":{"x":0.667,"y":1},"o":{"x":0.333,"y":0},"t":31,"s":[{"i":[[0,0],[121,-38]],"o":[[0,0],[0,0]],"v":[[16.5,-64],[-60.5,64]],"c":false}]},{"i":{"x":0.667,"y":1},"o":{"x":0.333,"y":0},"t":41,"s":[{"i":[[0,0],[85.5,-35]],"o":[[0,0],[0,0]],"v":[[16.5,-64],[16.5,32]],"c":false}]},{"i":{"x":0.667,"y":1},"o":{"x":0.333,"y":0},"t":47,"s":[{"i":[[0,0],[38,-104.5]],"o":[[0,0],[0,0]],"v":[[16.5,-64],[81,62]],"c":false}]},{"i":{"x":0.667,"y":1},"o":{"x":0.333,"y":0},"t":54,"s":[{"i":[[0,0],[36,-112]],"o":[[0,0],[0,0]],"v":[[16.5,-64],[13,99]],"c":false}]},{"t":62,"s":[{"i":[[0,0],[121,-38]],"o":[[0,0],[0,0]],"v":[[16.5,-64],[-60.5,64]],"c":false}]}],"ix":2},"nm":"Path 1","mn":"ADBE Vector Shape - Group","hd":false},{"ty":"st","c":{"a":0,"k":[0.245813167796,0.251730885225,0.290196078431,1],"ix":3},"o":{"a":0,"k":100,"ix":4},"w":{"a":0,"k":24,"ix":5},"lc":2,"lj":1,"ml":10,"bm":0,"nm":"Stroke 1","mn":"ADBE Vector Graphic - Stroke","hd":false},{"ty":"tr","p":{"a":0,"k":[120.5,124],"ix":2},"a":{"a":0,"k":[0,0],"ix":1},"s":{"a":0,"k":[100,100],"ix":3},"r":{"a":0,"k":0,"ix":6},"o":{"a":0,"k":100,"ix":7},"sk":{"a":0,"k":0,"ix":4},"sa":{"a":0,"k":0,"ix":5},"nm":"Transform"}],"nm":"Group 1","np":2,"cix":2,"bm":0,"ix":1,"mn":"ADBE Vector Group","hd":false}],"ip":0,"op":300,"st":0,"ct":1,"bm":0},{"ddd":0,"ind":10,"ty":4,"nm":"shadow Outlines","sr":1,"ks":{"o":{"a":0,"k":100,"ix":11},"r":{"a":0,"k":0,"ix":10},"p":{"a":0,"k":[544.5,798,0],"ix":2,"l":2},"a":{"a":0,"k":[202.5,8,0],"ix":1,"l":2},"s":{"a":1,"k":[{"i":{"x":[0.667,0.667,0.667],"y":[1,1,1]},"o":{"x":[0.333,0.333,0.333],"y":[0,0,0]},"t":0,"s":[100,100,100]},{"i":{"x":[0.667,0.667,0.667],"y":[1,1,1]},"o":{"x":[0.333,0.333,0.333],"y":[0,0,0]},"t":10,"s":[87,100,100]},{"i":{"x":[0.667,0.667,0.667],"y":[1,1,1]},"o":{"x":[0.333,0.333,0.333],"y":[0,0,0]},"t":16,"s":[100,100,100]},{"i":{"x":[0.667,0.667,0.667],"y":[1,1,1]},"o":{"x":[0.333,0.333,0.333],"y":[0,0,0]},"t":23,"s":[87,100,100]},{"i":{"x":[0.667,0.667,0.667],"y":[1,1,1]},"o":{"x":[0.333,0.333,0.333],"y":[0,0,0]},"t":31,"s":[100,100,100]},{"i":{"x":[0.667,0.667,0.667],"y":[1,1,1]},"o":{"x":[0.333,0.333,0.333],"y":[0,0,0]},"t":41,"s":[87,100,100]},{"i":{"x":[0.667,0.667,0.667],"y":[1,1,1]},"o":{"x":[0.333,0.333,0.333],"y":[0,0,0]},"t":47,"s":[100,100,100]},{"i":{"x":[0.667,0.667,0.667],"y":[1,1,1]},"o":{"x":[0.333,0.333,0.333],"y":[0,0,0]},"t":54,"s":[87,100,100]},{"t":62,"s":[100,100,100]}],"ix":6,"l":2}},"ao":0,"shapes":[{"ty":"gr","it":[{"ind":0,"ty":"sh","ix":1,"ks":{"a":0,"k":{"i":[[0,0],[0,0]],"o":[[0,0],[0,0]],"v":[[8,8],[397,8]],"c":false},"ix":2},"nm":"Path 1","mn":"ADBE Vector Shape - Group","hd":false},{"ty":"st","c":{"a":0,"k":[0.743128338982,0.743128338982,0.743128338982,1],"ix":3},"o":{"a":0,"k":100,"ix":4},"w":{"a":0,"k":16,"ix":5},"lc":2,"lj":1,"ml":10,"bm":0,"nm":"Stroke 1","mn":"ADBE Vector Graphic - Stroke","hd":false},{"ty":"tr","p":{"a":0,"k":[0,0],"ix":2},"a":{"a":0,"k":[0,0],"ix":1},"s":{"a":0,"k":[100,100],"ix":3},"r":{"a":0,"k":0,"ix":6},"o":{"a":0,"k":100,"ix":7},"sk":{"a":0,"k":0,"ix":4},"sa":{"a":0,"k":0,"ix":5},"nm":"Transform"}],"nm":"Group 1","np":2,"cix":2,"bm":0,"ix":1,"mn":"ADBE Vector Group","hd":false}],"ip":0,"op":300,"st":0,"ct":1,"bm":0}]}],"layers":[{"ddd":0,"ind":1,"ty":0,"nm":"wolverine","refId":"comp_0","sr":1,"ks":{"o":{"a":0,"k":100,"ix":11},"r":{"a":0,"k":0,"ix":10},"p":{"a":0,"k":[536,544,0],"ix":2,"l":2},"a":{"a":0,"k":[540,540,0],"ix":1,"l":2},"s":{"a":0,"k":[163,163,100],"ix":6,"l":2}},"ao":0,"w":1080,"h":1080,"ip":0,"op":300,"st":0,"bm":0}],"markers":[]}